logged_at,season,week,game_id,kickoff,away_team,home_team,proj_away,proj_home,fair_margin,fair_total,fair_spread,fair_total_line,fund_margin,fund_total,mkt_margin,mkt_total,p_home_win,p_home_win_raw,mkt_p_home_win,open_spread,spread,home_spread_odds,away_spread_odds,open_total,total_line,over_odds,under_odds,home_ml,away_ml,su_pick,su_prob,ats_pick,ats_line,ats_odds,ats_prob,ats_prob_np,ats_ev,ats_stake,value_ats,tot_pick,tot_prob,tot_prob_np,tot_odds,tot_ev,tot_stake,value_tot,ml_pick,ml_odds,ml_prob,ml_ev,ml_stake,value_ml,mo_proj_home,mo_proj_away,mo_fair_spread,mo_fair_total_line,mo_p_home_win,mo_su_pick,mo_su_prob,mo_ats_pick,mo_ats_line,mo_ats_prob_np,mo_tot_pick,mo_tot_prob_np,mo_su_hit,mo_ats_hit,mo_tot_hit,home_score,away_score,su_out,ats_out,tot_out,ml_out,mo_su_out,mo_ats_out,mo_tot_out,ats_profit,tot_profit,ml_profit,close_spread,close_total,ats_clv,tot_clv,early_logged_at,early_spread,early_ats_pick,early_total,early_tot_pick,early_ats_out,early_tot_out,early_ats_clv,early_tot_clv
2026-10-01T21:31:17+00:00,2026,5,401871049,2026-10-02 00:00:00+00:00,Western Kentucky,New Mexico State,27.22718619780628,28.971450724913083,1.7442645271068091,56.19863692271936,2.4298710338508696,55.36394162991743,0.6661424328540733,55.03463083649815,1.799486623813209,56.424920342704354,0.5572536558950942,0.543583900940151,0.5427435387673957,1.5,2.5,,,53.5,55.5,,,-130.0,110.0,New Mexico State,0.5572536558950942,Western Kentucky,2.5,,0.5013727682587541,0.5013727682587541,-0.0428338060514694,0.0,False,UNDER,0.5054697133549599,0.5054697133549599,,-0.0350123654132582,0.0,False,New Mexico State,-130.0,0.5500092328216677,-0.0269067419308956,0.0,False,27.85038663467612,27.18424420182204,1.1300351491936225,54.66701782150282,0.5285355061470796,New Mexico State,0.5285355061470796,Western Kentucky,2.5,0.5281404545722402,UNDER,0.5335263218623181,0.5544098770523428,0.4983509525267888,0.4939583230762196,34.0,13.0,1.0,-1.0,1.0,1.0,1.0,-1.0,1.0,-1.0,0.9090909090909092,0.7692307692307692,1.5,55.5,1.0,-0.0,,,,,,,,,
2026-10-01T21:31:17+00:00,2026,5,401862786,2026-10-02 01:00:00+00:00,North Texas,Tulsa,29.358078043354308,27.726745768387385,-1.63133227496692,57.08482381174169,-2.28643077403348,56.31960341442864,1.651609329002568,56.33951836476747,-1.799486623813209,57.22971159838744,0.4669815267342508,0.4592284559328258,0.4365079365079364,-1.5,-2.5,,,57.5,56.5,,,120.0,-142.0,North Texas,0.5330184732657492,Tulsa,2.5,,0.5041799090525804,0.5041799090525804,-0.0374747190814374,0.0,False,UNDER,0.5035133660979135,0.5035133660979135,,-0.0387472101767105,0.0,False,Tulsa,120.0,0.4516994557097131,-0.006261197438631,0.0,False,28.99556384688502,27.34395451788245,2.3121883005165405,55.44861624480959,0.5547955925573741,Tulsa,0.5547955925573741,Tulsa,2.5,0.585071974929098,UNDER,0.5215587240954561,0.4522087181921047,0.4983509525267888,0.4939583230762196,44.0,45.0,1.0,1.0,-1.0,-1.0,-1.0,1.0,-1.0,0.9090909090909092,-1.0,-1.0,-3.0,56.5,-0.5,-0.0,,,,,,,,,
2026-10-02T14:13:16+00:00,2026,5,401858245,2026-10-02 23:00:00+00:00,Pittsburgh,Virginia Tech,26.356943711304123,28.29989927189595,1.9429555605918287,54.65684298320007,2.554575421852144,54.38682447959872,4.616483832708267,54.14310065972861,1.8017718174905888,54.756617856148296,0.5624324606567704,0.5485271208124002,0.551441114716549,5.5,2.5,,,56.5,54.5,,,-135.0,114.0,Virginia Tech,0.5624324606567704,Virginia Tech,-2.5,,0.5035099786837214,0.5035099786837214,-0.03875367705835,0.0,False,UNDER,0.5023998594787742,0.5023998594787742,,-0.0408729955405219,0.0,False,Virginia Tech,-135.0,0.5569437574331899,-0.0305053111348175,0.0,False,29.37979224621844,24.76330841351017,3.72746150181849,53.80472476344647,0.6318336578470741,Virginia Tech,0.6318336578470741,Virginia Tech,-2.5,0.5697169774563671,UNDER,0.5147457938239706,0.5639566858853827,0.5000480853834726,0.4880498130136037,33.0,35.0,-1.0,-1.0,-1.0,-1.0,-1.0,-1.0,-1.0,-1.0,-1.0,-1.0,1.5,53.5,-1.0,1.0,,,,,,,,,
2026-10-02T14:13:16+00:00,2026,5,401871050,2026-10-02 23:00:00+00:00,Liberty,Delaware,28.48270509935196,21.677855352396527,-6.804849746955434,50.16056045174849,-6.245045928738415,49.971852708967646,-2.2523175839463248,51.96008975055978,-7.0452599711770745,49.81107044683267,0.3328501999380344,0.3343695435378541,0.299837925445705,-7.0,-6.5,,,50.5,49.5,,,220.0,-270.0,Liberty,0.6671498000619656,Delaware,6.5,,0.5060748223064259,0.5060748223064259,-0.0338571574150051,0.0,False,OVER,0.5083018531784012,0.5083018531784012,,-0.0296055530230522,0.0,False,Delaware,220.0,0.3161123597080245,0.0115595510656782,0.0,False,24.85388608330673,27.10620366725305,-2.6739506402508697,51.45294790457778,0.4502796162969908,Liberty,0.5497203837030091,Delaware,6.5,0.6186531198964722,OVER,0.5509947756109489,0.7032058982902734,0.5019074121453506,0.5090440329905501,14.0,30.0,1.0,-1.0,-1.0,-1.0,1.0,-1.0,-1.0,-1.0,-1.0,-1.0,-7.0,51.5,-0.5,2.0,,,,,,,,,
2026-10-02T14:13:16+00:00,2026,5,401858476,2026-10-03 00:00:00+00:00,Penn State,Northwestern,23.982727079114376,22.146090711603577,-1.8366363675107973,46.12881779071795,-2.513483551893113,46.01045121134575,-2.496849492096989,47.73931694698932,-1.8017718174905888,45.81603968901436,0.4613734809116945,0.4541170572613096,0.4365079365079364,-7.0,-2.5,,,48.5,45.5,,,120.0,-142.0,Penn State,0.5386265190883055,Penn State,-2.5,,0.5008667438715526,0.5008667438715526,-0.043799852608854,0.0,False,OVER,0.5073618760288078,0.5073618760288078,,-0.0314000548540941,0.0,False,Northwestern,120.0,0.4489087861493679,-0.0124006704713904,0.0,False,22.621233727446164,25.11808321954316,-2.768156887128635,47.74881304030353,0.4437694243095383,Penn State,0.5562305756904617,Penn State,-2.5,0.5172792861334572,OVER,0.5452322844701252,0.5692182051821395,0.4978348680656096,0.5023837164096733,34.0,13.0,-1.0,-1.0,1.0,1.0,-1.0,-1.0,1.0,-1.0,0.9090909090909092,1.2000000000000002,-3.0,46.5,0.5,1.0,,,,,,,,,
2026-10-03T13:08:28+00:00,2026,5,401862787,2026-10-03 15:00:00+00:00,Memphis,Charlotte,36.23276674102316,16.915339087755502,-19.31742765326765,53.148105828778654,-19.946534873977324,52.44724188964547,-11.826303630989184,52.82869278503002,-19.71127427635838,53.21006349730851,0.0996189209674235,0.1097080318443709,0.1011419249592169,-21.5,-20.5,,,54.5,52.5,,,850.0,-1450.0,Memphis,0.9003810790325764,Charlotte,20.5,,0.5104659336829718,0.5104659336829718,-0.0254741266052356,0.0,False,UNDER,0.5014848212432471,0.5014848212432471,,-0.0426198867174372,0.0,False,Memphis,-1450.0,0.8996221432257412,-0.0383349503448974,0.0,False,20.50119457702042,32.3274982080096,-10.50607590201402,52.17567615752286,0.2198347134923017,Memphis,0.7801652865076982,Charlotte,20.5,0.6999788499824101,UNDER,0.5091359528486126,0.9068488032323692,0.5143619819072722,0.4851987726508356,8.0,59.0,1.0,-1.0,-1.0,1.0,1.0,-1.0,-1.0,-1.0,-1.0,0.0689655172413792,-18.5,52.5,2.0,-0.0,,,,,,,,,
2026-10-03T13:08:28+00:00,2026,5,401856707,2026-10-03 16:00:00+00:00,Alabama,Mississippi State,33.80091752055615,27.837083509882955,-5.963834010673195,61.63800103043911,-5.313160579300043,60.96272799657899,-3.372352975542848,58.77463778486488,-6.100081395105008,62.19341764326055,0.3536640134554527,0.353888317289398,0.3425247738043946,-3.0,-5.5,,,58.5,61.5,,,180.0,-218.0,Alabama,0.6463359865445473,Mississippi State,5.5,,0.5034293195598761,0.5034293195598761,-0.0389076626584182,0.0,False,UNDER,0.5137033048421018,0.5137033048421018,,-0.0192936907559874,0.0,False,Mississippi State,180.0,0.3480736249653294,-0.0253938500970778,0.0,False,27.701142404661017,31.073495380203862,-3.10461420163362,58.0389646205596,0.4205052218259335,Alabama,0.5794947781740665,Mississippi State,5.5,0.5681232475284559,UNDER,0.5834830451137121,0.6635441530018509,0.5000480853834726,0.516801137100093,23.0,56.0,1.0,-1.0,-1.0,-1.0,1.0,-1.0,-1.0,-1.0,-1.0,-1.0,-5.5,62.5,0.0,-1.0,,,,,,,,,
2026-10-03T13:08:28+00:00,2026,5,401856807,2026-10-03 16:00:00+00:00,Middle Tennessee,Kansas,15.61918163530114,35.02899133051167,19.40980969521053,50.64817296581281,20.076417557630336,50.56357530483955,13.675829934306144,51.13285478760848,19.71127427635838,50.55415753267698,0.9087114934422068,0.8914112082680747,0.8988580750407832,21.5,20.5,,,52.5,50.5,,,-1450.0,850.0,Kansas,0.9087114934422068,Middle Tennessee,20.5,,0.5080113430810216,0.5080113430810216,-0.0301601632089587,0.0,False,OVER,0.5022365777335717,0.5022365777335717,,-0.0411847152359086,0.0,False,Kansas,-1450.0,0.9038975828807286,-0.0337646527826694,0.0,False,32.404342360957315,18.728512426651168,13.555481038867685,50.89124524863556,0.8279023487544453,Kansas,0.8279023487544453,Middle Tennessee,20.5,0.6560406728522578,OVER,0.5137702951627859,0.9090246063444404,0.508384464109039,0.4870239960743364,55.0,0.0,1.0,-1.0,1.0,1.0,1.0,-1.0,1.0,-1.0,0.9090909090909092,0.0689655172413792,21.5,51.5,-1.0,1.0,,,,,,,,,
2026-10-03T13:08:28+00:00,2026,5,401856819,2026-10-03 16:00:00+00:00,UCF,Houston,19.530476091789264,31.46130892702532,11.930832835236057,50.99178501881458,10.647544669816734,50.79587181256039,14.004452483227942,53.247904893756655,11.821812066989878,50.55415753267698,0.7962639397091469,0.7743045721432205,0.7768331562167907,12.5,10.5,,,51.5,50.5,,,-425.0,330.0,Houston,0.7962639397091469,Houston,-10.5,,0.5028573782879524,0.5028573782879524,-0.0399995505411817,0.0,False,OVER,0.51041304225781,0.51041304225781,,-0.0255751011441808,0.0,False,Houston,-425.0,0.7867097824824941,-0.0281820334039778,0.0,False,33.626178688492296,19.62172620526436,13.790167099813775,52.55680542897498,0.8334925630101949,Houston,0.8334925630101949,Houston,-10.5,0.5571551293109568,OVER,0.5639604430532754,0.7987019568719972,0.5000480853834726,0.516801137100093,27.0,17.0,1.0,-1.0,-1.0,1.0,1.0,-1.0,-1.0,-1.0,-1.0,0.2352941176470588,10.5,50.5,0.0,0.0,,,,,,,,,
2026-10-03T13:08:28+00:00,2026,5,401856822,2026-10-03 16:00:00+00:00,West Virginia,Iowa State,25.170533420767537,28.3575122308106,3.186978810043067,53.52804565157814,3.0332157533516986,52.97750215591469,4.827866913759891,51.73664726304014,3.10070894765704,53.87552948085249,0.5950461245144951,0.5792931897370742,0.5829926410466066,1.5,3.0,,,53.5,53.5,,,-155.0,130.0,Iowa State,0.5950461245144951,Iowa State,-3.0,,0.4699138298095239,0.5022883883905556,-0.0384376544353167,0.0,False,UNDER,0.50834118360675,0.50834118360675,,-0.0295304676598409,0.0,False,Iowa State,-155.0,0.5890327415395668,-0.0309461348865193,0.0,False,28.282257088400016,23.454390174640125,3.9433713641178407,51.29987992991148,0.6371180581337513,Iowa State,0.6371180581337513,Iowa State,-3.0,0.5457634796137126,UNDER,0.5511156804366134,0.5954029778682113,0.5000480853834726,0.5091677982902588,45.0,42.0,1.0,0.0,-1.0,1.0,1.0,0.0,-1.0,0.0,-1.0,0.6451612903225805,3.0,53.5,0.0,-0.0,,,,,,,,,
2026-10-03T13:08:28+00:00,2026,5,401858246,2026-10-03 16:00:00+00:00,Boston College,SMU,17.05649309872284,38.31586396788961,21.259370869166776,55.37235706661245,21.51760797837637,54.86760916447528,21.476946425317514,49.937507300114426,21.247931811716622,56.426573940132585,0.9275543800736836,0.9121472302570616,0.912442396313364,21.0,21.5,,,56.5,55.5,,,-1800.0,1000.0,SMU,0.9275543800736836,SMU,-21.5,,0.500303174338813,0.500303174338813,-0.0448757580804478,0.0,False,UNDER,0.525445096664623,0.525445096664623,,0.0031224572688258,0.0,False,SMU,-1800.0,0.9203250457635952,-0.0285457850273161,0.0,False,35.70722686271597,14.230280437398456,21.852352323174685,49.66667892773196,0.9295592580078662,SMU,0.9295592580078662,SMU,-21.5,0.5060689407876648,UNDER,0.6519827828188713,0.9272780578373044,0.4830647883042661,0.5198690981188379,25.0,16.0,1.0,-1.0,1.0,1.0,1.0,-1.0,1.0,-1.0,0.9090909090909092,0.0555555555555555,21.5,55.5,0.0,-0.0,,,,,,,,,
2026-10-03T13:08:28+00:00,2026,5,401858250,2026-10-03 16:00:00+00:00,Notre Dame,North Carolina,33.67828829280721,13.163134745894226,-20.515153546912984,46.84142303870144,-21.0237076824704,46.92143142686406,-21.20867929219159,48.97308811063117,-20.478691358863216,46.42793648726547,0.0860284003794909,0.0958174492751601,0.091743119266055,-23.5,-21.0,,,55.5,46.5,,,950.0,-1650.0,Notre Dame,0.913971599620509,Notre Dame,-21.0,,0.4805816367346074,0.5010076398229619,-0.0417561226930776,0.0,False,OVER,0.5097495400715157,0.5097495400715157,,-0.0268417871361971,0.0,False,Notre Dame,-1650.0,0.9111556995241732,-0.0336227429289073,0.0,False,13.882204409219792,35.090883701411386,-21.4744764661957,48.70833128746721,0.0788198818886443,Notre Dame,0.9211801181113556,Notre Dame,-21.0,0.5201615571275672,OVER,0.5598959095243136,0.9230472410300165,0.5000480853834726,0.516801137100093,26.0,37.0,1.0,-1.0,1.0,1.0,1.0,-1.0,1.0,-1.0,0.9090909090909092,0.0606060606060605,-21.0,46.5,-0.0,0.0,,,,,,,,,
2026-10-03T13:08:28+00:00,2026,5,401858251,2026-10-03 16:00:00+00:00,Stanford,Wake Forest,19.36582218688759,34.35987126205574,14.99404907516815,53.72569344894333,14.498483019305043,53.27458045072682,14.953877588970029,52.953237284098094,14.996161095225034,53.87552948085249,0.8496151683201891,0.8287295360115945,0.8316498316498315,12.5,14.5,,,54.5,53.5,,,-650.0,470.0,Wake Forest,0.8496151683201891,Stanford,14.5,,0.5000560990745218,0.5000560990745218,-0.0453474472213675,0.0,False,UNDER,0.5035976631610122,0.5035976631610122,,-0.0385862794198857,0.0,False,Wake Forest,-650.0,0.8408378900918593,-0.0298024345093932,0.0,False,33.95355743653406,18.999679847564032,14.469635295083004,52.2814869193048,0.8489815144199941,Wake Forest,0.8489815144199941,Stanford,14.5,0.5011230887867859,UNDER,0.5221168615023597,0.8499667595928977,0.4830647883042661,0.4939583230762196,57.0,3.0,1.0,-1.0,-1.0,1.0,1.0,-1.0,-1.0,-1.0,-1.0,0.1538461538461537,14.5,54.5,-0.0,-1.0,,,,,,,,,
2026-10-03T13:08:28+00:00,2026,5,401858252,2026-10-03 16:00:00+00:00,Syracuse,UConn,28.72169794228703,22.087586777476567,-6.6341111648104665,50.8092847197636,-6.0644558101337855,50.67249970194538,1.179780630582644,52.12455292310305,-7.044927337077752,50.55415753267698,0.3369712947617184,0.3382937051227722,0.3042300479266513,-6.5,-6.5,,,53.5,50.5,,,215.0,-265.0,Syracuse,0.6630287052382816,UConn,6.5,,0.5103782677823665,0.5103782677823665,-0.0256414887791184,0.0,False,OVER,0.5060700242556008,0.5060700242556008,,-0.0338663173302166,0.0,False,UConn,215.0,0.3203796289589199,0.0091958312205979,0.0,False,26.652166776842847,25.47238614626021,1.7091125182824642,51.57869033287216,0.5420848734613019,UConn,0.5420848734613019,UConn,6.5,0.6972608609943137,OVER,0.5373547791373545,0.3106891009054687,0.5138101115201764,0.4939583230762196,41.0,42.0,1.0,1.0,1.0,-1.0,-1.0,1.0,1.0,0.9090909090909092,0.9090909090909092,-1.0,-6.5,51.5,0.0,1.0,,,,,,,,,
2026-10-03T13:08:28+00:00,2026,5,401858474,2026-10-03 16:00:00+00:00,Michigan,Minnesota,25.013383768868017,18.32221474546841,-6.691169023399604,43.33559851433643,-6.1248614829180665,43.74612597351259,0.0374589406507315,45.05811858302549,-7.044927337077752,43.00147525437387,0.3355639344090766,0.3369777121428232,0.3249687530045188,-8.5,-6.5,,,44.5,43.5,,,195.0,-238.0,Michigan,0.6644360655909234,Minnesota,6.5,,0.5089377658423525,0.5089377658423525,-0.028391537937327,0.0,False,OVER,0.5078108824381847,0.5078108824381847,,-0.030542860799829,0.0,False,Minnesota,195.0,0.3302448049510306,-0.0257778253944597,0.0,False,22.54778876183811,22.51032982118738,0.2459234522792641,44.97948443257056,0.5115281328791907,Minnesota,0.5115281328791907,Minnesota,6.5,0.6719193073346862,OVER,0.5480286179903122,0.3291028129508794,0.5086646701335498,0.5059176176022385,20.0,14.0,-1.0,1.0,-1.0,1.0,1.0,1.0,-1.0,0.9090909090909092,-1.0,1.95,-6.5,41.5,0.0,-2.0,,,,,,,,,
2026-10-03T13:08:28+00:00,2026,5,401862791,2026-10-03 16:00:00+00:00,Navy,Air Force,21.926708681217413,25.167597849411592,3.2408891681941783,47.094306530629005,3.053975667830944,47.17926577671732,5.907174356253625,53.685819036415445,3.10070894765704,45.815727728238926,0.5964490322765437,0.5806174862679997,0.5720596355604638,1.5,3.0,,,49.5,45.5,,,-148.0,124.0,Air Force,0.5964490322765437,Air Force,-3.0,,0.4712527925337749,0.503718511342718,-0.0358834720454704,0.0,False,OVER,0.5300911397288623,0.5300911397288623,,0.0119921758460099,0.0,False,Air Force,-148.0,0.5843059492177325,-0.020892733743259,0.0,False,29.796496696334536,23.88932234008091,5.235533831674829,53.21462380451362,0.6639507265498433,Air Force,0.6639507265498433,Air Force,-3.0,0.5741443911281651,OVER,0.6798651152096177,0.5871345532926832,0.5000480853834726,0.5239965995939265,14.0,9.0,1.0,1.0,-1.0,1.0,1.0,1.0,-1.0,0.9090909090909092,-1.0,0.6756756756756757,2.5,45.5,-0.5,0.0,,,,,,,,,
2026-10-03T13:08:28+00:00,2026,5,401858479,2026-10-03 16:30:00+00:00,Michigan State,Wisconsin,16.462096477436372,26.620417033969613,10.158320556533242,43.08251351140599,8.644045128503574,43.55970715611923,11.240550742042837,43.50029353691225,10.101422192188693,43.00147525437387,0.7608518815033866,0.7389986323137824,0.7508125677139762,10.0,8.5,,,44.5,43.5,,,-360.0,285.0,Wisconsin,0.7608518815033866,Wisconsin,-8.5,,0.5014729147127568,0.5014729147127568,-0.0426426173665551,0.0,False,OVER,0.5018942000136524,0.5018942000136524,,-0.0418383454284818,0.0,False,Wisconsin,-360.0,0.7558671603447908,-0.034169739559434,0.0,False,27.370422139477544,16.12987139743471,10.059812047833292,43.8674275909914,0.7828563035392734,Wisconsin,0.7828563035392734,Wisconsin,-8.5,0.5295060228905588,OVER,0.511661547903335,0.7698296759620503,0.5000480853834726,0.4851987726508356,31.0,3.0,1.0,1.0,-1.0,1.0,1.0,1.0,-1.0,0.9090909090909092,-1.0,0.2777777777777777,8.5,43.5,0.0,0.0,,,,,,,,,
2026-10-03T13:08:28+00:00,2026,5,401856705,2026-10-03 16:45:00+00:00,Vanderbilt,Georgia,13.030045782745985,38.04623872341374,25.01619294066776,51.07628450615972,25.70149727581908,50.8529976582613,27.28232830511149,53.76802823668804,24.89705063864494,50.55415753267698,0.9565137253496308,0.9450665604013184,0.9356725146198832,23.5,25.5,,,57.5,50.5,,,-3200.0,1400.0,Georgia,0.9565137253496308,Georgia,-25.5,,0.5031256453952553,0.5031256453952553,-0.0394874042454216,0.0,False,OVER,0.5124240056917403,0.5124240056917403,,-0.0217359891339503,0.0,False,Georgia,-3200.0,0.9470530257868436,-0.0233515671573175,0.0,False,40.525178270899765,13.242849965788274,28.055757988976207,53.33825067598328,0.9688746209477764,Georgia,0.9688746209477764,Georgia,-25.5,0.56217640594885,OVER,0.5762082737080099,0.950208076440904,0.5000480853834726,0.516801137100093,38.0,14.0,1.0,-1.0,1.0,1.0,1.0,-1.0,1.0,-1.0,0.9090909090909092,0.03125,25.5,49.5,0.0,-1.0,,,,,,,,,
2026-10-03T13:08:28+00:00,2026,5,401866432,2026-10-03 17:00:00+00:00,Western Michigan,Buffalo,29.29489064672536,16.42571869706509,-12.869171949660268,45.72060934379045,-12.178590411002489,45.43448743979826,-10.073016566617008,45.230241429470006,-13.016180109179912,45.815727728238926,0.1994202615224531,0.2081055249641749,0.1918429003021148,-16.5,-12.5,,,51.5,45.5,,,400.0,-535.0,Western Michigan,0.8005797384775468,Buffalo,12.5,,0.5038810500773365,0.5038810500773365,-0.0380452680341756,0.0,False,UNDER,0.5022382476642904,0.5022382476642904,,-0.0411815271863547,0.0,False,Buffalo,400.0,0.1956038129155578,-0.0219809354222106,0.0,False,17.5786124314265,27.651628998043503,-8.463354977754543,45.09752305642445,0.2566655519137678,Western Michigan,0.7433344480862323,Buffalo,12.5,0.5769634072295842,UNDER,0.5137691704545619,0.8205458729199007,0.5000480853834726,0.4870228133512904,17.0,20.0,1.0,1.0,1.0,-1.0,1.0,1.0,1.0,0.9090909090909092,0.9090909090909092,-1.0,-13.5,46.5,-1.0,-1.0,,,,,,,,,
2026-10-03T13:08:28+00:00,2026,5,401866431,2026-10-03 18:00:00+00:00,Toledo,Ball State,36.18510752337292,16.000865672038838,-20.18424185133409,52.18597319541176,-20.808428605359303,51.63071129807109,-14.583691662812118,52.98163477779107,-20.478691358863216,52.03163592726378,0.0896367427364712,0.0995216288999066,0.1011419249592169,-17.5,-21.0,,,51.5,51.5,,,850.0,-1450.0,Toledo,0.9103632572635288,Ball State,21.0,,0.4874331935134893,0.5081370445727452,-0.0287011009424691,0.0,False,OVER,0.5036845744834475,0.5036845744834475,,-0.0384203578043274,0.0,False,Toledo,-1450.0,0.9047660071082309,-0.0328363372291326,0.0,False,19.19897155748948,33.78266322030159,-14.204262423357202,52.30562599307843,0.1684058823700578,Toledo,0.8315941176299422,Ball State,21.0,0.6582958381648252,OVER,0.5226851528550129,0.9092093821235604,0.508384464109039,0.4939583230762196,24.0,39.0,1.0,1.0,1.0,1.0,1.0,1.0,1.0,0.9090909090909092,0.9090909090909092,0.0689655172413792,-20.5,52.5,0.5,1.0,,,,,,,,,
2026-10-03T13:08:28+00:00,2026,5,401856708,2026-10-03 19:30:00+00:00,Florida,Missouri,31.93023363606748,26.14200625258588,-5.788227383481598,58.07223988865336,-5.07269510696673,57.449765453966585,0.1433635987720425,57.843367219605405,-6.100081395105008,58.11663512310588,0.3580839445281321,0.358013460165167,0.3425247738043946,-2.5,-5.5,,,53.5,57.5,,,180.0,-218.0,Florida,0.6419160554718679,Missouri,5.5,,0.5078472469953066,0.5078472469953066,-0.0304734375544146,0.0,False,UNDER,0.5010798034202628,0.5010798034202628,,-0.0433931025613164,0.0,False,Missouri,180.0,0.3502645398826395,-0.0192592883286094,0.0,False,28.993365409188723,28.85000181041668,0.5717207658594102,57.19102829754948,0.5143672978534628,Missouri,0.5143672978534628,Missouri,5.5,0.6522934779976682,UNDER,0.5066445996934201,0.346790946943061,0.508384464109039,0.4851987726508356,45.0,17.0,-1.0,1.0,-1.0,1.0,1.0,1.0,-1.0,0.9090909090909092,-1.0,1.7999999999999998,-5.5,57.5,0.0,-0.0,,,,,,,,,
2026-10-03T13:08:28+00:00,2026,5,401856710,2026-10-03 19:30:00+00:00,Auburn,Tennessee,23.3974281640739,30.711314011993537,7.313885847919636,54.10874217606744,6.617072076078999,53.76419517925953,12.429586842770432,55.311033653248096,7.044927337077752,53.87552948085249,0.6976972038594268,0.6772602497447696,0.690792883054068,7.5,6.5,,,57.5,53.5,,,-258.0,210.0,Tennessee,0.6976972038594268,Tennessee,-6.5,,0.5068011025924936,0.5068011025924936,-0.0324706223234213,0.0,False,OVER,0.5056016264079529,0.5056016264079529,,-0.0347605314029989,0.0,False,Tennessee,-258.0,0.6942559496779849,-0.036652596958455,0.0,False,33.87031024800926,21.44072340523883,11.32470046401528,54.83092093293227,0.8056397054732676,Tennessee,0.8056397054732676,Tennessee,-6.5,0.6344851067726903,OVER,0.5344798414452688,0.7157462674753882,0.507195606256182,0.4939583230762196,24.0,14.0,1.0,1.0,-1.0,1.0,1.0,1.0,-1.0,0.9090909090909092,-1.0,0.3875968992248062,6.0,54.5,-0.5,1.0,,,,,,,,,
2026-10-03T13:08:28+00:00,2026,5,401858247,2026-10-03 19:30:00+00:00,California,UNLV,25.61152981957668,27.644344718571222,2.032814898994542,53.2558745381479,2.58855236379199,52.56876951545512,6.389786513381271,53.49204617499301,1.803746664090795,53.21006349730851,0.5647439425980542,0.5507632070961419,0.5427435387673957,1.5,2.5,,,52.5,52.5,,,-130.0,110.0,UNLV,0.5647439425980542,UNLV,-2.5,,0.5056952753248105,0.5056952753248105,-0.0345817471071798,0.0,False,OVER,0.5010979829900201,0.5010979829900201,,-0.0433583961099616,0.0,False,UNLV,-130.0,0.5537700707068861,-0.0202529518262784,0.0,False,29.940916344187137,23.55112983080587,5.806039296564378,52.9234197399677,0.6756948419085006,UNLV,0.6756948419085006,UNLV,-2.5,0.6127794721979903,OVER,0.5067597160292602,0.5594961422009564,0.5000480853834726,0.4851987726508356,39.0,31.0,1.0,1.0,1.0,1.0,1.0,1.0,1.0,0.9090909090909092,0.9090909090909092,0.7692307692307692,1.5,51.5,-1.0,-1.0,,,,,,,,,
2026-10-03T13:08:28+00:00,2026,5,401858248,2026-10-03 19:30:00+00:00,Louisville,NC State,30.36724704678201,27.76535461565705,-2.6018924311249565,58.13260166243906,-2.807968596825964,57.51307114841956,6.885801941823673,58.214914652058496,-3.10070894765704,58.11663512310588,0.4408966585648654,0.4351302568227007,0.4003612281757977,-7.5,-3.0,,,59.5,57.5,,,140.0,-166.0,Louisville,0.5591033414351345,NC State,3.0,,0.4801584520901647,0.5132240284298322,-0.0189066852053036,0.0,False,OVER,0.5003883723101281,0.5003883723101281,,-0.0447131074079372,0.0,False,NC State,140.0,0.4204949240377258,0.0091878176905418,0.0,False,32.550358296941084,25.66455635511741,6.331112837257737,57.580458220067904,0.6875868343679038,NC State,0.6875868343679038,NC State,3.0,0.7452702880712686,OVER,0.5023907660805471,0.4194050615337463,0.5183321375647894,0.4851987726508356,31.0,28.0,-1.0,1.0,1.0,1.0,1.0,1.0,1.0,0.9090909090909092,0.9090909090909092,1.4,-5.5,56.5,-2.5,-1.0,,,,,,,,,
2026-10-03T13:08:28+00:00,2026,5,401858253,2026-10-03 19:30:00+00:00,Virginia,Florida State,26.62221232398204,25.63023099177405,-0.9919813322079856,52.25244331575608,-1.4753613824279008,51.68701559155353,-0.5514606422911363,53.390781179559504,-1.015141753208809,52.03163592726378,0.4839134681803804,0.4751807321391755,0.4826358742837298,-1.5,-1.5,,,51.5,51.5,,,-102.0,-118.0,Virginia,0.5160865318196196,Florida State,1.5,,0.5005766970442588,0.5005766970442588,-0.0443535783700513,0.0,False,OVER,0.5052717050817701,0.5052717050817701,,-0.0353903812075297,0.0,False,Florida State,-102.0,0.4832746439015754,-0.042926685606684,0.0,False,26.419660268634185,26.97112091092532,-1.006613241570733,52.77132474407338,0.4957305657688565,Virginia,0.5042694342311436,Florida State,1.5,0.5115431201085856,OVER,0.5324496668561198,0.5192347887372694,0.4901264232569354,0.4939583230762196,38.0,7.0,-1.0,1.0,-1.0,1.0,-1.0,1.0,-1.0,0.9090909090909092,-1.0,0.9803921568627452,-1.5,51.5,0.0,0.0,,,,,,,,,
2026-10-03T13:08:28+00:00,2026,5,401858473,2026-10-03 19:30:00+00:00,Ohio State,Iowa,30.42430224755189,15.642650938349115,-14.781651309202772,46.066953185901006,-14.346075759006416,45.910073428922495,-10.70158735315106,47.36210663507127,-14.996161095225034,45.815727728238926,0.1650331838645581,0.1747604863245576,0.172876304023845,-14.0,-14.5,,,44.5,45.5,,,455.0,-625.0,Ohio State,0.8349668161354419,Iowa,14.5,,0.5056965976369743,0.5056965976369743,-0.034579222693049,0.0,False,OVER,0.5059130748826308,0.5059130748826308,,-0.0341659479513411,0.0,False,Ohio State,-625.0,0.831081521646754,-0.0359454348897654,0.0,False,18.330259640960108,29.031846994111163,-9.654430443354828,47.45254091023747,0.243111393284015,Ohio State,0.756888606715985,Iowa,14.5,0.6121032771468973,OVER,0.5363856467672823,0.8391796634087096,0.5000480853834726,0.4939583230762196,14.0,31.0,1.0,-1.0,-1.0,1.0,1.0,-1.0,-1.0,-1.0,-1.0,0.1599999999999999,-14.5,46.5,0.0,1.0,,,,,,,,,
2026-10-03T13:08:28+00:00,2026,5,401862793,2026-10-03 19:30:00+00:00,Samford,UAB,12.72291839507695,42.41238124425509,29.68946284917814,55.13529963933204,30.75687181826533,54.72580338697357,36.60110209038129,57.08144734071941,29.326082698606115,54.75779854301618,0.978652013593406,0.9715420232092614,0.9462616822429908,30.5,30.5,,,50.5,54.5,,,-4500.0,1700.0,UAB,0.978652013593406,UAB,-30.5,,0.5093506997892833,0.5093506997892833,-0.0276032094931864,0.0,False,OVER,0.5090848132379527,0.5090848132379527,,-0.028110811091181,0.0,False,UAB,-4500.0,0.9660000811038002,-0.0125332504272265,0.0,False,46.84127471555035,10.24017262516906,37.28658283835335,56.31378550078951,0.9936067253940088,UAB,0.9936067253940088,UAB,-30.5,0.6786279630919667,OVER,0.5558541855258214,0.9635765279183623,0.510026820041396,0.5140184111530134,33.0,14.0,1.0,-1.0,-1.0,1.0,1.0,-1.0,-1.0,-1.0,-1.0,0.0222222222222221,30.5,54.5,0.0,0.0,,,,,,,,,
2026-10-03T13:08:28+00:00,2026,5,401864515,2026-10-03 19:30:00+00:00,Wyoming,North Dakota State,13.681934720038514,29.966876272732183,16.28494155269367,43.6488109927707,16.63478927975789,43.97682936604886,19.54664604770418,39.99245630740892,16.113457100285814,44.3580469368153,0.8690415106072005,0.8490060857471831,0.8761776581426649,21.0,16.5,,,47.5,44.5,,,-1050.0,675.0,North Dakota State,0.8690415106072005,North Dakota State,-16.5,,0.5045636634608623,0.5045636634608623,-0.0367420970292627,0.0,False,UNDER,0.5166046865562485,0.5166046865562485,,-0.0137546893017074,0.0,False,Wyoming,675.0,0.1273477304733949,-0.0130550888311888,0.0,False,29.769551177556547,10.222905129852368,20.26872235852088,40.67181855182328,0.9102191243210708,North Dakota State,0.9102191243210708,North Dakota State,-16.5,0.5907090560060275,UNDER,0.6008523606019271,0.8947497165352092,0.5000480853834726,0.516801137100093,28.0,0.0,1.0,1.0,1.0,-1.0,1.0,1.0,1.0,0.9090909090909092,0.9090909090909092,-1.0,17.5,44.5,1.0,-0.0,,,,,,,,,
2026-10-03T13:08:28+00:00,2026,5,401866430,2026-10-03 19:30:00+00:00,Akron,Central Michigan,20.05188161538956,26.86074975317944,6.80886813778988,46.912631368569,6.249547463190047,46.99401928847541,2.3189255185337183,44.3558392770518,7.044927337077752,47.40858129925073,0.6857545906941503,0.66573099965363,0.690792883054068,5.5,6.5,,,46.5,47.5,,,-258.0,210.0,Central Michigan,0.6857545906941503,Akron,6.5,,0.505965271991212,0.505965271991212,-0.0340662989258679,0.0,False,UNDER,0.51170550218716,0.51170550218716,,-0.0231076776426944,0.0,False,Akron,210.0,0.3117206941305059,-0.0336658481954315,0.0,False,23.33738239779276,21.01845687925904,2.698946133325801,44.49836850021338,0.5722991129098614,Central Michigan,0.5722991129098614,Akron,6.5,0.6170603685743727,UNDER,0.5715261853981548,0.6956574313191902,0.5013754019670074,0.516801137100093,41.0,17.0,1.0,-1.0,-1.0,-1.0,1.0,-1.0,-1.0,-1.0,-1.0,-1.0,6.5,47.5,-0.0,-0.0,,,,,,,,,
2026-10-03T13:08:28+00:00,2026,5,401866433,2026-10-03 19:30:00+00:00,Eastern Michigan,Massachusetts,20.942916455351675,27.535233689449253,6.592317234097577,48.47815014480093,6.020224585326657,48.29609833159807,6.955871810278498,47.06923795515918,6.573203314515922,48.751441784394046,0.6805729283024791,0.66074117347583,0.6636481241914618,2.5,6.0,,,48.5,48.5,,,-225.0,185.0,Massachusetts,0.6805729283024791,Massachusetts,-6.0,,0.4885668084243266,0.5004937234935789,-0.0434512485719861,0.0,False,UNDER,0.5064706575336928,0.5064706575336928,,-0.0331014719811318,0.0,False,Massachusetts,-225.0,0.6721664745220582,-0.0290928701348047,0.0,False,27.01255488271884,20.056683072440343,6.405449605727134,47.1536989189262,0.6892516155058642,Massachusetts,0.6892516155058642,Massachusetts,-6.0,0.5098879387205532,UNDER,0.5397177745832177,0.6785426447657451,0.4879021371531735,0.4954146860972763,14.0,38.0,-1.0,-1.0,-1.0,-1.0,-1.0,-1.0,-1.0,-1.0,-1.0,-1.0,5.5,49.5,-0.5,-1.0,,,,,,,,,
2026-10-03T13:08:28+00:00,2026,5,401866434,2026-10-03 19:30:00+00:00,Ohio,Kent State,27.62858934642437,23.03052064950021,-4.598068696924159,50.65910999592458,-3.7078496152709577,50.57097038522838,-8.460532108630346,51.20017596128898,-4.394999282108984,50.55415753267698,0.3884940122202391,0.386360018640309,0.3907637655417407,-5.5,-3.5,,,52.5,50.5,,,145.0,-175.0,Ohio,0.6115059877797608,Ohio,-3.5,,0.5050686268644062,0.5050686268644062,-0.0357780759861335,0.0,False,OVER,0.5024967853949917,0.5024967853949917,,-0.0406879551550158,0.0,False,Ohio,-175.0,0.6103717088559504,-0.0408444575120779,0.0,False,21.36982192632932,29.830354034959665,-7.118560953280612,50.93676643586916,0.2931052512221507,Ohio,0.7068947487778493,Ohio,-3.5,0.60080551805022,OVER,0.5153724157836747,0.6274625522937559,0.5000480853834726,0.4887087574554143,10.0,13.0,1.0,-1.0,-1.0,1.0,1.0,-1.0,-1.0,-1.0,-1.0,0.5714285714285714,-3.5,50.5,-0.0,0.0,,,,,,,,,
2026-10-03T13:08:28+00:00,2026,5,401866477,2026-10-03 19:30:00+00:00,Bowling Green,Miami (OH),14.54656582983352,27.99428808642989,13.447722256596371,42.54085391626341,13.241268136671234,42.97558379323901,21.655830585082207,44.696302418590506,13.016180109179912,42.12275400940598,0.8239529503698395,0.8023420340285378,0.7999999999999999,15.5,12.5,,,50.5,42.5,,,-500.0,380.0,Miami (OH),0.8239529503698395,Miami (OH),-12.5,,0.511398733297361,0.511398733297361,-0.0236933273414017,0.0,False,OVER,0.5097588956498299,0.5097588956498299,,-0.0268239264866883,0.0,False,Miami (OH),-500.0,0.8122700327722469,-0.0252759606733038,0.0,False,33.17606650183636,11.52023591675415,22.12739348990188,44.73160322201768,0.9311754292339586,Miami (OH),0.9311754292339586,Miami (OH),-12.5,0.7177096931117195,OVER,0.5599466827420181,0.8321225051185617,0.5179621168983118,0.516801137100093,20.0,24.0,-1.0,-1.0,1.0,-1.0,-1.0,-1.0,1.0,-1.0,0.9090909090909092,-1.0,10.5,41.5,-2.0,-1.0,,,,,,,,,
2026-10-03T13:08:28+00:00,2026,5,401869956,2026-10-03 19:30:00+00:00,Old Dominion,Georgia State,24.902292433227405,27.064298625317523,2.162006192090116,51.96659105854493,2.638424762388545,51.4558364082902,8.976249095443867,51.631262438364416,1.803746664090795,52.03163592726378,0.568158588090062,0.5539715157010542,0.551441114716549,-1.5,2.5,,,52.5,51.5,,,-135.0,114.0,Georgia State,0.568158588090062,Georgia State,-2.5,,0.5089073725625765,0.5089073725625765,-0.0284495614714448,0.0,False,UNDER,0.501552545291222,0.501552545291222,,-0.0424905953531216,0.0,False,Georgia State,-135.0,0.5598168113065708,-0.0255040692070804,0.0,False,30.303755766904143,21.32750667146028,7.34639452770435,51.22848023918315,0.7355015025304997,Georgia State,0.7355015025304997,Georgia State,-2.5,0.6733568285842539,UNDER,0.5095525333325066,0.5740843803320583,0.5089565496856494,0.4851987726508356,42.0,10.0,1.0,1.0,-1.0,1.0,1.0,1.0,-1.0,0.9090909090909092,-1.0,0.7407407407407407,1.5,51.5,-1.0,-0.0,,,,,,,,,
2026-10-03T13:08:28+00:00,2026,5,401869962,2026-10-03 19:45:00+00:00,Marshall,James Madison,18.77453223431516,37.29899970120534,18.52446746689019,56.07353193552049,18.76035312281921,55.28772739133871,21.7073393209129,54.25347924567574,18.357127648765527,56.426573940132585,0.8985022721206322,0.8803514420256334,0.8761776581426649,13.5,18.5,,,55.5,55.5,,,-1050.0,675.0,James Madison,0.8985022721206322,James Madison,-18.5,,0.5044554469819474,0.5044554469819474,-0.036948692125373,0.0,False,UNDER,0.5085326680938833,0.5085326680938833,,-0.0291649063662227,0.0,False,James Madison,-1050.0,0.8878242474870238,-0.0276210622761166,0.0,False,37.98040928329432,16.27306996238142,22.2065720051802,53.92817209671546,0.9316354547472744,James Madison,0.9316354547472744,James Madison,-18.5,0.5884702869684562,UNDER,0.5522743314745222,0.8971095213401319,0.5000480853834726,0.5103538617263252,45.0,17.0,1.0,1.0,-1.0,1.0,1.0,1.0,-1.0,0.9090909090909092,-1.0,0.0952380952380953,14.5,55.5,-4.0,-0.0,,,,,,,,,
2026-10-03T13:08:28+00:00,2026,5,401858475,2026-10-03 20:00:00+00:00,Maryland,Nebraska,19.11642369263304,33.96472847718718,14.848304784554143,53.08115216982022,14.393872857838542,52.390261662340464,12.036017219359,52.41657003715217,14.996161095225034,53.21006349730851,0.847307837532281,0.826339384208244,0.84,12.5,14.5,,,53.5,52.5,,,-700.0,500.0,Nebraska,0.847307837532281,Maryland,14.5,,0.5039268069441547,0.5039268069441547,-0.0379579140157046,0.0,False,UNDER,0.5030891455404588,0.5030891455404588,,-0.0395570857863967,0.0,False,Nebraska,-700.0,0.8436887101001816,-0.0357843313140781,0.0,False,32.22629362825558,20.190276408896587,10.790041235753389,51.82608033640067,0.7982631546225952,Nebraska,0.7982631546225952,Maryland,14.5,0.5779183257586168,UNDER,0.5189954461712669,0.8537703620562824,0.5000480853834726,0.4925186713906718,48.0,23.0,1.0,-1.0,-1.0,1.0,1.0,-1.0,-1.0,-1.0,-1.0,0.1428571428571428,15.5,52.5,-1.0,-0.0,,,,,,,,,
2026-10-03T13:08:28+00:00,2026,5,401864514,2026-10-03 20:00:00+00:00,UTEP,New Mexico,12.561032746605038,35.44202153466096,22.88098878805592,48.003054281266,23.732621336799543,47.94228897499519,29.03023612866441,51.067766513301216,22.55769147079809,47.40858129925073,0.9414865962389888,0.927799461734232,0.9258160237388724,21.0,23.5,,,53.5,47.5,,,-2400.0,1200.0,New Mexico,0.9414865962389888,New Mexico,-23.5,,0.5085397100061826,0.5085397100061826,-0.0291514627154695,0.0,False,OVER,0.514042577462839,0.514042577462839,,-0.0186459884800346,0.0,False,New Mexico,-2400.0,0.9340828083010824,-0.0269970746863725,0.0,False,40.04900132098281,11.018765192318403,30.002210843515275,50.847238841336406,0.976276848724056,New Mexico,0.976276848724056,New Mexico,-23.5,0.6650667639449146,OVER,0.5860027258570752,0.9438135004030646,0.508384464109039,0.516801137100093,61.0,7.0,1.0,1.0,1.0,1.0,1.0,1.0,1.0,0.9090909090909092,0.9090909090909092,0.0416666666666667,23.5,47.5,0.0,0.0,,,,,,,,,
2026-10-03T13:08:28+00:00,2026,5,401856709,2026-10-03 20:15:00+00:00,Kentucky,South Carolina,25.969362724396287,28.232971185168,2.2636084607717084,54.20233390956428,2.6776173679334168,53.87022485931257,11.010368113071475,55.88712289149747,1.803746664090795,53.87552948085249,0.5708403992231679,0.5564923850956365,0.5634920634920635,7.0,2.5,,,49.5,53.5,,,-142.0,120.0,South Carolina,0.5708403992231679,South Carolina,-2.5,,0.5114333806117295,0.5114333806117295,-0.0236271824685163,0.0,False,OVER,0.5078501296943789,0.5078501296943789,,-0.030467934219822,0.0,False,South Carolina,-142.0,0.5671699250590685,-0.0334146347584889,0.0,False,33.448745502284474,22.438377389212995,9.886414203676596,55.175885049577765,0.7782755746153517,South Carolina,0.7782755746153517,South Carolina,-2.5,0.7182916086116943,OVER,0.5482873006638613,0.5906810440867276,0.5180802711416272,0.5062445310415518,34.0,35.0,-1.0,-1.0,1.0,-1.0,-1.0,-1.0,1.0,-1.0,0.9090909090909092,-1.0,2.5,52.5,0.0,-1.0,,,,,,,,,
2026-10-03T13:08:28+00:00,2026,5,401858472,2026-10-03 20:15:00+00:00,Purdue,Illinois,25.462617354084884,37.32051015967736,11.857892805592474,62.783127513762246,10.548814404022371,62.02739383940796,12.544163226210465,60.06594823048772,11.821812066989878,63.31018831063375,0.7948707399867252,0.7729044880589244,0.7571884984025559,10.0,10.5,,,60.5,62.5,,,-375.0,295.0,Illinois,0.7948707399867252,Illinois,-10.5,,0.5009455774843451,0.5009455774843451,-0.0436493520753411,0.0,False,UNDER,0.5130536655217166,0.5130536655217166,,-0.0205339112767228,0.0,False,Illinois,-375.0,0.776595049585188,-0.0163129371920952,0.0,False,36.30505572834909,23.760892502138628,11.48085687224643,59.05949854364189,0.80775619654172,Illinois,0.80775619654172,Illinois,-10.5,0.5189400678477322,UNDER,0.5795950616809553,0.778069099289899,0.5000480853834726,0.516801137100093,17.0,24.0,-1.0,-1.0,1.0,-1.0,-1.0,-1.0,1.0,-1.0,0.9090909090909092,-1.0,9.5,62.5,-1.0,-0.0,,,,,,,,,
2026-10-03T13:08:28+00:00,2026,5,401860899,2026-10-03 22:00:00+00:00,Oregon State,Colorado State,34.650856275998486,27.83127960025315,-6.819576675745337,62.48213587625164,-6.260897479414044,61.7581075173939,-2.5333148327570445,58.21324140805493,-7.044927337077752,63.31018831063375,0.3324048340696436,0.3340229545355987,0.3092071169459319,-3.5,-6.5,,,59.5,62.5,,,210.0,-258.0,Oregon State,0.6675951659303563,Colorado State,6.5,,0.5056947634239994,0.5056947634239994,-0.0345827243723646,0.0,False,UNDER,0.5204964130805696,0.5204964130805696,,-0.0063250295734579,0.0,False,Colorado State,210.0,0.3206952556477532,-0.005844707491965,0.0,False,27.839963287648946,30.373278120405985,-2.7815571882922066,57.57908836055604,0.4427195167127422,Oregon State,0.5572804832872578,Colorado State,6.5,0.6119197958130012,UNDER,0.6235908662598031,0.6945492431707351,0.5000480853834726,0.516801137100093,26.0,56.0,1.0,-1.0,-1.0,-1.0,1.0,-1.0,-1.0,-1.0,-1.0,-1.0,-7.0,60.5,-0.5,2.0,,,,,,,,,
2026-10-03T13:08:28+00:00,2026,5,401862790,2026-10-03 22:00:00+00:00,Texas Southern,Florida Atlantic,9.198916416568023,53.30349814654875,44.10458172998072,62.50241456311677,44.234797408114034,61.776241496227904,40.37934179598939,64.09539972576333,44.300436606210496,62.19341764326055,0.9985818713044212,0.997716566559076,,43.5,44.5,,,60.5,61.5,,,,,Florida Atlantic,0.9985818713044212,Texas Southern,44.5,,0.5045957710160867,0.5045957710160867,-0.0366808007874708,0.0,False,OVER,0.5076317398818612,0.5076317398818612,,-0.0308848602255377,0.0,False,,,0.9985818713044212,0.906383572490259,0.0,False,52.23737076087636,11.85802896488697,40.79455675805806,63.31778370613215,0.9969304475399372,Florida Atlantic,0.9969304475399372,Texas Southern,44.5,0.5923041122144653,OVER,0.5469493824472322,0.9839230047332316,0.5000480853834726,0.5045537202898414,66.0,10.0,1.0,-1.0,1.0,,1.0,-1.0,1.0,-1.0,0.9090909090909092,0.0,47.5,62.5,-3.0,1.0,,,,,,,,,
2026-10-03T13:08:28+00:00,2026,5,401856711,2026-10-03 23:00:00+00:00,Arkansas,Texas A&M,18.087536590977194,32.758654490477404,14.671117899500208,50.8461910814546,14.266867660566485,50.69744900679117,21.765391089390096,52.35172424474379,14.29813575011758,50.55415753267698,0.844471482760382,0.823406204992607,0.827123695976155,14.5,14.0,,,51.5,50.5,,,-625.0,455.0,Texas A&M,0.844471482760382,Texas A&M,-14.0,,0.4913691981279686,0.5102595373262022,-0.0249104899519649,0.0,False,OVER,0.5069482551664765,0.5069482551664765,,-0.0321896946821812,0.0,False,Texas A&M,-625.0,0.8359818613072556,-0.0302610408835835,0.0,False,37.05855766706694,15.293166577676848,22.29580256132116,51.771128647698646,0.9321510677859352,Texas A&M,0.9321510677859352,Texas A&M,-14.0,0.6972338274471068,OVER,0.5427480186124961,0.8555943458296802,0.5138046225302553,0.4992441945988639,34.0,7.0,1.0,1.0,-1.0,1.0,1.0,1.0,-1.0,0.9090909090909092,-1.0,0.1599999999999999,13.5,51.5,-0.5,1.0,,,,,,,,,
2026-10-03T13:08:28+00:00,2026,5,401856818,2026-10-03 23:00:00+00:00,BYU,TCU,27.718687273401702,21.364778218942725,-6.353909054458979,49.08346549234443,-5.76812072807279,48.812096975346165,-2.1828424433790232,50.79516164989174,-6.573203314515922,48.751441784394046,0.3439142214072107,0.3447830134098134,0.3309929789368104,-5.5,-6.0,,,52.5,48.5,,,190.0,-230.0,BYU,0.6560857785927893,TCU,6.0,,0.4936083869889843,0.5056626583981113,-0.033818152214041,0.0,False,OVER,0.5078651477045757,0.5078651477045757,,-0.0304392634730827,0.0,False,TCU,190.0,0.3374232482482637,-0.0214725800800352,0.0,False,24.30615960325636,26.48900204663538,-2.6464642246436094,50.66295213086669,0.452052066236778,BYU,0.547947933763222,TCU,6.0,0.6113336020648303,OVER,0.5483688966147404,0.6724340008314855,0.5000480853834726,0.5063476489371955,10.0,17.0,1.0,-1.0,-1.0,-1.0,1.0,-1.0,-1.0,-1.0,-1.0,-1.0,-5.5,48.5,0.5,0.0,,,,,,,,,
2026-10-03T13:08:28+00:00,2026,5,401862788,2026-10-03 23:00:00+00:00,UTSA,Rice,34.468987985412795,21.62508839206665,-12.84389959334614,56.094076377479446,-12.123380208493868,55.30006277653097,-9.567053646045531,54.37993733632317,-13.016180109179912,56.426573940132585,0.1999013246779924,0.2085688900174366,0.1957070707070707,-12.5,-12.5,,,52.5,55.5,,,390.0,-520.0,UTSA,0.8000986753220076,Rice,12.5,,0.5045480907864757,0.5045480907864757,-0.0367718266803646,0.0,False,UNDER,0.5080363744125986,0.5080363744125986,,-0.0301123761214025,0.0,False,Rice,390.0,0.1977958216097422,-0.0308004741122628,0.0,False,22.406441845138826,31.97349549118435,-7.81370276855346,54.0714713876616,0.267847874506299,UTSA,0.7321521254937009,Rice,12.5,0.5899295408171658,UNDER,0.5492548091191796,0.8161744426588733,0.5000480853834726,0.5072629008218921,14.0,16.0,1.0,1.0,1.0,-1.0,1.0,1.0,1.0,0.9090909090909092,0.9090909090909092,-1.0,-11.5,56.5,1.0,-1.0,,,,,,,,,
2026-10-03T13:08:28+00:00,2026,5,401869942,2026-10-03 23:00:00+00:00,Georgia Southern,Coastal Carolina,27.65315044366896,25.925233694868115,-1.7279167488008411,53.57838413853708,-2.40396844863838,53.05313914863143,-0.2856007132383116,52.04649792530805,-1.803746664090795,53.87552948085249,0.4642013816874666,0.4568204816263562,0.4675324675324676,1.5,-2.5,,,52.5,53.5,,,105.0,-125.0,Georgia Southern,0.5357986183125334,Coastal Carolina,2.5,,0.5018851727003747,0.5018851727003747,-0.0418555793901937,0.0,False,UNDER,0.5071333287600419,0.5071333287600419,,-0.0318363723671926,0.0,False,Georgia Southern,-125.0,0.5341334559127537,-0.0385597793570432,0.0,False,25.88044860603487,26.16604931927318,-0.723408021581395,51.512586028067176,0.5028634167427701,Coastal Carolina,0.5028634167427701,Coastal Carolina,2.5,0.5376688911953748,UNDER,0.5437561652800225,0.4698250536762643,0.5000480853834726,0.5005182524624673,24.0,31.0,1.0,-1.0,-1.0,1.0,-1.0,-1.0,-1.0,-1.0,-1.0,0.8,-2.5,53.5,0.0,-0.0,,,,,,,,,
2026-10-03T13:08:28+00:00,2026,5,401871089,2026-10-03 23:00:00+00:00,UL Monroe,South Alabama,21.53866375068067,36.022314237774125,14.483650487093454,57.5609779884548,14.132666222120822,56.87222994213856,18.012216738952596,54.69637477030707,14.29813575011758,58.11663512310588,0.8414332281345188,0.8202702216188064,0.827123695976155,14.5,14.0,,,55.5,57.5,,,-625.0,455.0,South Alabama,0.8414332281345188,South Alabama,-14.0,,0.4863951022837841,0.5051025247967286,-0.0343906501934562,0.0,False,UNDER,0.5135048681478249,0.5135048681478249,,-0.0196725244450614,0.0,False,South Alabama,-625.0,0.8344023132591085,-0.0320933166194341,0.0,False,36.35429575462983,18.34207901567724,18.144367061920384,54.4302926918509,0.8922292863121912,South Alabama,0.8922292863121912,South Alabama,-14.0,0.6012816054653817,UNDER,0.5822932733868056,0.8501564004922579,0.5000480853834726,0.516801137100093,52.0,35.0,1.0,1.0,-1.0,1.0,1.0,1.0,-1.0,0.9090909090909092,-1.0,0.1599999999999999,12.5,57.5,-1.5,-0.0,,,,,,,,,
2026-10-03T13:08:28+00:00,2026,5,401856821,2026-10-03 23:30:00+00:00,Texas Tech,Colorado,31.718108054608805,18.19728531489212,-13.520822739716683,49.915393369500926,-13.36697178358556,49.6368148999925,-12.050061249116226,50.43769007072918,-13.598148177758048,49.81408164625645,0.1872540033730601,0.1963598897292781,0.182741116751269,-14.5,-13.5,,,50.5,49.5,,,425.0,-575.0,Texas Tech,0.8127459966269399,Colorado,13.5,,0.5020453564294444,0.5020453564294444,-0.0415497740892425,0.0,False,OVER,0.5024063911394205,0.5024063911394205,,-0.0408605260065607,0.0,False,Colorado,425.0,0.184986922008385,-0.0288186594559783,0.0,False,19.19381441080648,31.243875659922704,-10.809078533615638,50.342477800662046,0.2153581612691938,Texas Tech,0.7846418387308062,Colorado,13.5,0.5408133662514072,OVER,0.5148157093560491,0.8318563849746965,0.5000480853834726,0.4881233349362653,7.0,29.0,1.0,-1.0,-1.0,-1.0,1.0,-1.0,-1.0,-1.0,-1.0,-1.0,-13.5,50.5,0.0,1.0,,,,,,,,,
2026-10-03T13:08:28+00:00,2026,5,401858249,2026-10-03 23:30:00+00:00,Miami,Clemson,31.66523548823598,16.189226267320414,-15.476009220915564,47.85446175555639,-15.363405168892296,47.83172828782315,-14.03381017203439,50.15312852394843,-15.551832985618605,47.40858129925073,0.1535473286397964,0.1635118335426647,0.1534988713318284,-7.0,-15.5,,,55.5,47.5,,,525.0,-750.0,Miami,0.8464526713602035,Clemson,15.5,,0.5020168397807792,0.5020168397807792,-0.041604214963967,0.0,False,OVER,0.5105321956094375,0.5105321956094375,,-0.025347626563801,0.0,False,Clemson,525.0,0.1535230984207055,-0.0404806348705907,0.0,False,18.059659175957023,32.09346934799141,-13.81113587857163,49.957906613013485,0.1780018768264657,Miami,0.8219981231735343,Clemson,15.5,0.5402656970157402,OVER,0.5646764701835294,0.8613265032851921,0.5000480853834726,0.516801137100093,13.0,41.0,1.0,-1.0,1.0,-1.0,1.0,-1.0,1.0,-1.0,0.9090909090909092,-1.0,-14.0,49.5,1.5,2.0,,,,,,,,,
2026-10-03T13:08:28+00:00,2026,5,401858478,2026-10-03 23:30:00+00:00,Washington,USC,24.36116832222732,34.6939131050545,10.332744782827184,59.05508142728182,9.086220461448235,58.26910064580064,14.732595166280824,57.607354941405895,10.101422192188693,59.33590201206789,0.764477903379248,0.7425883474159495,0.7508125677139762,10.0,8.5,,,57.5,58.5,,,-360.0,285.0,USC,0.764477903379248,USC,-8.5,,0.5059894453213528,0.5059894453213528,-0.0340201498410536,0.0,False,UNDER,0.5068562665375735,0.5068562665375735,,-0.0323653093373595,0.0,False,USC,-360.0,0.7577107648652065,-0.0318140226722362,0.0,False,36.16997505384336,21.43737988756253,14.31091402997026,56.92456033469528,0.8454594772425034,USC,0.8454594772425034,USC,-8.5,0.6188187287012293,UNDER,0.5420591809287096,0.7760920624766203,0.5019627287340306,0.498373667426535,25.0,21.0,1.0,-1.0,1.0,1.0,1.0,-1.0,1.0,-1.0,0.9090909090909092,0.2777777777777777,7.5,58.5,-1.0,-0.0,,,,,,,,,
2026-10-03T13:08:28+00:00,2026,5,401860898,2026-10-03 23:30:00+00:00,Utah State,Boise State,16.37111508968217,35.412520669793594,19.04140558011142,51.78363575947576,19.55811624343768,51.3317296596289,19.82618138048855,50.505109786453176,19.000145910942592,52.03163592726378,0.9045595539980228,0.8868997063376601,0.8988580750407832,20.5,19.5,,,49.5,51.5,,,-1450.0,850.0,Boise State,0.9045595539980228,Boise State,-19.5,,0.50109812536409,0.50109812536409,-0.0433581243049189,0.0,False,UNDER,0.5059182489717076,0.5059182489717076,,-0.0341560701449218,0.0,False,Boise State,-1450.0,0.9017456577659292,-0.0360649865260758,0.0,False,35.16564558347086,15.339464202982311,20.57503739036403,50.43365240930088,0.9132414351925728,Boise State,0.9132414351925728,Boise State,-19.5,0.5219739904323641,UNDER,0.5363362532313538,0.9144161564082024,0.5000480853834726,0.4939583230762196,37.0,18.0,1.0,-1.0,-1.0,1.0,1.0,-1.0,-1.0,-1.0,-1.0,0.0689655172413792,19.5,50.5,0.0,1.0,,,,,,,,,
2026-10-03T13:08:28+00:00,2026,5,401862792,2026-10-03 23:30:00+00:00,Temple,South Florida,21.49376348790004,28.023990616998923,6.5302271290988845,49.51775410489896,5.954535319443476,49.22069730077874,14.711775102559116,53.46835709824135,6.100081395105008,48.751441784394046,0.6790806908116277,0.6593055380881884,0.6690070210631895,6.5,5.5,,,52.5,48.5,,,-230.0,190.0,South Florida,0.6790806908116277,South Florida,-5.5,,0.5108329342738946,0.5108329342738946,-0.0247734891134738,0.0,False,OVER,0.5181545015301859,0.5181545015301859,,-0.0107959516241904,0.0,False,South Florida,-230.0,0.6740639553730633,-0.0328647596821266,0.0,False,34.09006610040024,19.37829099784112,14.295994930710105,52.88783529335592,0.8451253425403673,South Florida,0.8451253425403673,South Florida,-5.5,0.7087418299350479,OVER,0.6107192301867633,0.7001382650156046,0.5161412492846437,0.516801137100093,13.0,17.0,-1.0,-1.0,-1.0,-1.0,-1.0,-1.0,-1.0,-1.0,-1.0,-1.0,5.5,50.5,0.0,2.0,,,,,,,,,
2026-10-03T13:08:28+00:00,2026,5,401869842,2026-10-03 23:30:00+00:00,Army,Louisiana Tech,23.89400920615494,23.21201136416104,-0.6819978419939039,47.10602057031598,-1.1455574006920966,47.19121335625339,5.654535747130852,50.60177672163572,-1.015141753208809,46.42793648726547,0.4922283178174356,0.4829310803814785,0.4739134147382802,-3.5,-1.5,,,44.5,46.5,,,102.0,-122.0,Army,0.5077716821825644,Louisiana Tech,1.5,,0.5082942119468549,0.5082942119468549,-0.0296201408287316,0.0,False,OVER,0.5159891812965077,0.5159891812965077,,-0.0149297447975761,0.0,False,Louisiana Tech,102.0,0.4830651792130792,-0.0242083379895799,0.0,False,28.128156234383287,22.47362048725244,4.889852635170814,50.53220274784416,0.6577379627388646,Louisiana Tech,0.6577379627388646,Louisiana Tech,1.5,0.6615073845518712,OVER,0.5977330238028844,0.4898518102120492,0.508384464109039,0.516801137100093,31.0,29.0,-1.0,1.0,1.0,1.0,1.0,1.0,1.0,0.9090909090909092,0.9090909090909092,1.02,1.5,46.5,3.0,0.0,,,,,,,,,
2026-10-03T13:08:28+00:00,2026,5,401856706,2026-10-03 23:45:00+00:00,McNeese,LSU,2.1766474875353303,59.01895052142052,56.84230303388519,61.19559800895585,53.58598204020958,60.53563791608073,59.520267899449486,56.05149536487648,56.70150875309082,62.19341764326055,0.9999266692541152,0.9998559677018488,,53.5,53.5,,,60.5,61.5,,,,,LSU,0.9999266692541152,LSU,-53.5,,0.502759651004229,0.502759651004229,-0.0401861208101081,0.0,False,UNDER,0.5245957722218659,0.5245957722218659,,0.0015010196962895,0.0,False,,,0.9999266692541152,0.9089509140305836,0.0,False,57.78588163216298,-1.734386267286503,55.15465765696547,55.27449821036505,0.9999627183009044,LSU,0.9999627183009044,LSU,-53.5,0.554238855754659,UNDER,0.6471343564523564,0.9839230047332316,0.5000480853834726,0.5191513716855108,63.0,14.0,1.0,-1.0,-1.0,,1.0,-1.0,-1.0,-1.0,-1.0,0.0,53.5,62.5,0.0,-1.0,,,,,,,,,
2026-10-03T13:08:28+00:00,2026,5,401858477,2026-10-04 00:00:00+00:00,Indiana,Rutgers,40.41875613892233,16.89249619377334,-23.526259945149,57.31125233269567,-24.1952997320601,56.59056741130611,-15.429120065358962,57.72535077629134,-23.95196791485614,57.23092820502097,0.0580284603174212,0.0665959888385151,0.0741839762611276,-23.5,-24.5,,,53.5,56.5,,,1200.0,-2400.0,Indiana,0.9419715396825789,Rutgers,24.5,,0.5112002256962322,0.5112002256962322,-0.024072296398102,0.0,False,OVER,0.5019483984730373,0.5019483984730373,,-0.0417348756423833,0.0,False,Indiana,-2400.0,0.9343543500996392,-0.0267142186462091,0.0,False,21.14811535546619,36.577235420825154,-15.27896377966994,57.0577463070179,0.1543060695256108,Indiana,0.8456939304743891,Rutgers,24.5,0.7137025608532208,OVER,0.5119966743087534,0.933932818035451,0.5171484941646192,0.4851987726508356,15.0,47.0,1.0,-1.0,1.0,1.0,1.0,-1.0,1.0,-1.0,0.9090909090909092,0.0416666666666667,-24.5,56.5,0.0,0.0,,,,,,,,,
2026-10-03T13:08:28+00:00,2026,5,401869932,2026-10-04 00:00:00+00:00,Arkansas State,Louisiana,20.831719548949703,27.98216265218521,7.150443103235505,48.81388220113491,6.545917484630603,48.55868724075237,9.157396176466156,49.13578397757961,7.044927337077752,48.751441784394046,0.693854220232883,0.6735457988572369,0.6690070210631895,4.0,6.5,,,49.5,48.5,,,-230.0,190.0,Louisiana,0.693854220232883,Louisiana,-6.5,,0.5026676878400916,0.5026676878400916,-0.0403616868507341,0.0,False,OVER,0.501478871180625,0.501478871180625,,-0.0426312459278978,0.0,False,Louisiana,-230.0,0.6815597234273828,-0.0221099620389725,0.0,False,29.14659007702288,19.989193900556725,7.426904196239296,48.86128962495504,0.7394722989832339,Louisiana,0.7394722989832339,Louisiana,-6.5,0.5533938250601055,OVER,0.5091047035712158,0.6882655288089123,0.5000480853834726,0.4851987726508356,23.0,20.0,1.0,-1.0,-1.0,1.0,1.0,-1.0,-1.0,-1.0,-1.0,0.4347826086956521,4.5,49.5,-2.0,1.0,,,,,,,,,
2026-10-03T13:08:28+00:00,2026,5,401860921,2026-10-04 01:30:00+00:00,Fresno State,Washington State,22.05029587067361,23.176497914003857,1.1262020433302475,45.22679378467747,1.6410878281357046,45.09515774069273,3.2386142324231093,42.190637196744994,1.015141753208809,45.815727728238926,0.5406561022908403,0.528172566602899,0.5260865852617197,1.5,1.5,,,45.5,45.5,,,-122.0,102.0,Washington State,0.5406561022908403,Washington State,-1.5,,0.5027654743944748,0.5027654743944748,-0.0401750034287298,0.0,False,UNDER,0.5138501802311033,0.5138501802311033,,-0.0190132922860755,0.0,False,Washington State,-122.0,0.5333784607597098,-0.0294260796011837,0.0,False,22.71462571458405,19.476011482160946,3.053099571084194,42.57721411835335,0.596389856784423,Washington State,0.596389856784423,Washington State,-1.5,0.5552271032186809,UNDER,0.5844279766308647,0.5358133400207438,0.5000480853834726,0.516801137100093,6.0,26.0,-1.0,-1.0,1.0,-1.0,-1.0,-1.0,1.0,-1.0,0.9090909090909092,-1.0,2.5,44.5,1.0,1.0,,,,,,,,,
2026-10-03T13:08:28+00:00,2026,5,401856817,2026-10-04 02:30:00+00:00,Baylor,Arizona State,22.31009710845548,26.6354765931002,4.325379484644717,48.94557370155567,3.472960260623518,48.68246780894221,3.001182432711179,49.94639035622815,4.394999282108984,48.751441784394046,0.6243832460823634,0.6070586527078787,0.6224665518611737,3.5,3.5,,,51.5,48.5,,,-185.0,154.0,Arizona State,0.6243832460823634,Baylor,3.5,,0.5017373085554182,0.5017373085554182,-0.0421378654851106,0.0,False,OVER,0.5045983482277643,0.5045983482277643,,-0.0366758806560863,0.0,False,Arizona State,-185.0,0.6234253818243087,-0.0395879252976865,0.0,False,26.473786394469663,23.472603961758487,2.9616857072224816,49.678675278854925,0.5902018243344213,Arizona State,0.5902018243344213,Baylor,3.5,0.5346971882473803,OVER,0.5283057297558242,0.6300758696553626,0.5000480853834726,0.4939583230762196,19.0,55.0,-1.0,1.0,1.0,-1.0,-1.0,1.0,1.0,0.9090909090909092,0.9090909090909092,-1.0,3.5,49.5,-0.0,1.0,,,,,,,,,
2026-10-03T13:08:28+00:00,2026,5,401860900,2026-10-04 02:30:00+00:00,Texas State,San Diego State,34.08634860626683,24.26212159322436,-9.824227013042478,58.34847019949119,-8.143216919484313,57.68980572219749,2.94585788939308,59.54365957883731,-10.495615552392335,58.11663512310588,0.2621343247103284,0.2679445322717467,0.2522172949002217,-4.5,-9.5,,,60.5,57.5,,,280.0,-355.0,Texas State,0.7378656752896715,San Diego State,9.5,,0.5174096386542368,0.5174096386542368,-0.0122179625691841,0.0,False,OVER,0.5056403329038999,0.5056403329038999,,-0.0346866371834638,0.0,False,San Diego State,280.0,0.2571445524523198,-0.0228507006811847,0.0,False,31.244758734115194,28.298900844722112,2.9403890962798567,58.65906124298475,0.5887566156513847,San Diego State,0.5887566156513847,San Diego State,9.5,0.8051658711206258,OVER,0.53472088767127,0.2616588914693869,0.5183321375647894,0.4939583230762196,31.0,29.0,-1.0,1.0,1.0,1.0,1.0,1.0,1.0,0.9090909090909092,0.9090909090909092,2.8,-10.0,57.5,-0.5,0.0,,,,,,,,,
2026-10-03T13:08:28+00:00,2026,5,401856820,2026-10-04 03:00:00+00:00,Cincinnati,Arizona,24.030019484723617,32.51834720452909,8.488327719805477,56.54836668925271,7.130794421453947,55.65116708109175,14.1508485219309,57.17625010749703,8.190620100833257,56.426573940132585,0.7246565875099495,0.7034459341064578,0.6853932584269663,8.5,7.0,,,54.5,55.5,,,-250.0,205.0,Arizona,0.7246565875099495,Arizona,-7.0,,0.478632029986804,0.5080348162675955,-0.0283724087549991,0.0,False,OVER,0.5029452940242973,0.5029452940242973,,-0.0398317114081596,0.0,False,Arizona,-250.0,0.7054057257171292,-0.0124319839960191,0.0,False,35.66354931471396,21.512700792783065,13.894743505738466,56.4318593390563,0.8359450327035681,Arizona,0.8359450327035681,Arizona,-7.0,0.6573922338818543,OVER,0.5181353847114931,0.714275612473017,0.508384464109039,0.491614246147099,34.0,7.0,1.0,1.0,-1.0,1.0,1.0,1.0,-1.0,0.9090909090909092,-1.0,0.3999999999999999,7.0,56.5,0.0,1.0,,,,,,,,,
2026-10-03T13:08:28+00:00,2026,5,401864513,2026-10-04 03:59:00+00:00,San José State,Hawai'i,23.65890007961428,27.0931678897381,3.4342678101238184,50.75206796935238,3.1284717641021995,50.63381897262414,9.778693941951088,51.77236418882121,3.10070894765704,50.55415753267698,0.6014709348103002,0.585360695289539,0.5720596355604638,5.5,3.0,,,52.5,50.5,,,-148.0,124.0,Hawai'i,0.6014709348103002,Hawai'i,-3.0,,0.4760592368938522,0.5088487425783704,-0.0267210286325862,0.0,False,OVER,0.5047085431113879,0.5047085431113879,,-0.0364655086055321,0.0,False,Hawai'i,-148.0,0.5868427407773025,-0.0166418938326283,0.0,False,30.77552906538615,20.99683512343506,8.0847763724742,51.3240887121236,0.7528566607174321,Hawai'i,0.7528566607174321,Hawai'i,-3.0,0.6721330223740168,OVER,0.5289848188222063,0.5960855796061482,0.508708063613803,0.4939583230762196,16.0,20.0,-1.0,-1.0,-1.0,-1.0,-1.0,-1.0,-1.0,-1.0,-1.0,-1.0,2.5,51.5,-0.5,1.0,,,,,,,,,
2026-10-06T13:26:54+00:00,2026,6,401871090,2026-10-07 00:00:00+00:00,Southern Miss,Troy,19.14798920817932,29.426313042963063,10.27832383478375,48.57430225114239,8.93688639373125,48.35884811905883,6.061519733747079,47.58662689051432,10.500467662443045,48.76230188089357,0.7634000530954071,0.741341026920419,0.7477827050997783,8.5,9.5,,,48.5,48.5,,,-355.0,280.0,Troy,0.7634000530954071,Southern Miss,9.5,,0.5057645052948819,0.5057645052948819,-0.0344495808006798,0.0,False,UNDER,0.5044558092451239,0.5044558092451239,,-0.0369480005320361,0.0,False,Troy,-355.0,0.7556758080610348,-0.0314577671330398,0.0,False,26.8240733121307,20.762553578383624,5.431638176637718,47.61913705102637,0.6677047028581338,Troy,0.6677047028581338,Southern Miss,9.5,0.6129662144092897,UNDER,0.5278192022800967,0.7579320434037554,0.5000480853834726,0.4939583230762196,55.0,34.0,1.0,-1.0,-1.0,1.0,1.0,-1.0,-1.0,-1.0,-1.0,0.2816901408450705,9.5,51.5,-0.0,-3.0,,,,,,,,,
2026-10-06T13:26:54+00:00,2026,6,401871051,2026-10-07 23:00:00+00:00,Jacksonville State,Kennesaw State,25.323960626096937,23.53804662428421,-1.785914001812727,48.86200725038115,-2.4712674923749214,48.59427490216677,-1.352817874014928,49.3858196477541,-1.8087297715919703,48.76230188089357,0.4624633461195096,0.4554051577156816,0.4365079365079364,-2.5,-2.5,,,48.5,48.5,,,120.0,-142.0,Jacksonville State,0.5375366538804904,Kennesaw State,2.5,,0.500566880509672,0.500566880509672,-0.0443723190269897,0.0,False,OVER,0.5023637579703606,0.5023637579703606,,-0.0409419166020388,0.0,False,Kennesaw State,120.0,0.4494512360493229,-0.0112072806914893,0.0,False,24.016500886869583,25.36931876088451,-1.925545940135324,49.08980400525723,0.4740629372936709,Jacksonville State,0.5259370627063291,Kennesaw State,2.5,0.5113242528970735,OVER,0.5147854587098846,0.5666556848541074,0.4898323024429537,0.4880915238979788,26.0,27.0,1.0,1.0,1.0,-1.0,1.0,1.0,1.0,0.9090909090909092,0.9090909090909092,-1.0,-3.0,48.5,-0.5,0.0,,,,,,,,,
2026-10-06T13:26:54+00:00,2026,6,401871066,2026-10-07 23:30:00+00:00,New Mexico State,Florida International,21.34617151547244,25.98861273374613,4.642441218273694,47.33478424921857,3.7455460958592415,47.40525042196941,9.224686326782486,46.84793054252302,4.401045734090076,47.42745469565307,0.6323863389350108,0.6146371544528964,0.593369754159424,3.5,3.5,,,47.5,47.5,,,-162.0,136.0,Florida International,0.6323863389350108,Florida International,-3.5,,0.506022365490346,0.506022365490346,-0.0339573022457031,0.0,False,UNDER,0.502190128999118,0.502190128999118,,-0.0412733900925929,0.0,False,Florida International,-162.0,0.6130594146269888,-0.008508847948944,0.0,False,28.03630843465276,18.811622107870264,7.454357557515554,46.90805132149091,0.7409750465829417,Florida International,0.7409750465829417,Florida International,-3.5,0.619130240312254,UNDER,0.5136880099877905,0.6155001110771291,0.5020667797214244,0.4869374664564911,22.0,3.0,1.0,1.0,1.0,1.0,1.0,1.0,1.0,0.9090909090909092,0.9090909090909092,0.617283950617284,7.0,46.5,3.5,1.0,,,,,,,,,
2026-10-08T13:35:41+00:00,2026,6,401870766,2026-10-08 23:00:00+00:00,Sam Houston,Liberty,19.57485947178295,33.19288286451842,13.618023392735463,52.76774233630137,13.518874072116276,52.13076226650551,14.116061757286104,50.47103488751902,13.59175063206385,53.20403205490038,0.8270923107179731,0.8052461808474592,0.8118668596237336,13.5,13.5,,,52.5,52.5,,,-550.0,410.0,Liberty,0.8270923107179731,Liberty,-13.5,,0.5006949917076886,0.5006949917076886,-0.044127743103503536,0.0,False,UNDER,0.51045818647139,0.51045818647139,,-0.025488916736437328,0.0,False,Liberty,-550.0,0.8196048262191602,-0.03137611446826516,0.0,False,32.29354832240256,18.177486565116457,13.876638738520212,50.39039737124403,0.8355525003078719,Liberty,0.8355525003078719,Liberty,-13.5,0.5138737536412215,UNDER,0.5650833161926618,0.8308965141798542,0.49325840372571395,0.516801137100093,,,,,,,,,,,,,,,,,2026-10-06T13:26:54+00:00,14.0,Sam Houston,52.5,UNDER,,,,
2026-10-08T13:35:41+00:00,2026,6,401871052,2026-10-08 23:00:00+00:00,Missouri State,Western Kentucky,27.764139879044503,29.194981452064024,1.430841573019521,56.95912133110853,2.021262023450012,56.17078857496956,9.25677947514014,55.57535979496203,1.018003911971391,57.221984993406295,0.5486791010071449,0.5357586653387272,0.5260865852617197,2.5,1.5,,,56.5,56.5,,,-122.0,102.0,Western Kentucky,0.5486791010071449,Western Kentucky,-1.5,,0.5102748075297521,0.5102748075297521,-0.025839003806836902,0.0,False,UNDER,0.5063777681263141,0.5063777681263141,,-0.03327880630430946,0.0,False,Western Kentucky,-122.0,0.53740204132169,-0.022104482185121455,0.0,False,32.41606963505109,23.159290159910945,7.469328197376871,54.99247382050682,0.7417680939340876,Western Kentucky,0.7417680939340876,Western Kentucky,-1.5,0.6972309378532436,UNDER,0.5398278035043779,0.5499284733366971,0.5138040358165891,0.495553736512006,,,,,,,,,,,,,,,,,2026-10-06T13:26:54+00:00,2.5,Western Kentucky,56.5,UNDER,,,,
2026-10-08T13:35:41+00:00,2026,6,401862794,2026-10-08 23:30:00+00:00,South Florida,UTSA,21.276260690304795,29.248739471606854,7.972478781302059,50.52500016191165,6.901466458198891,50.46383417706969,3.716463180547926,54.25725834574742,8.196994174597421,49.816008743075145,0.7130631739633635,0.691971102479864,0.700162074554295,7.0,7.0,,,49.5,49.5,,,-270.0,220.0,UTSA,0.7130631739633635,South Florida,7.0,,0.47675919490417445,0.5060545836106388,-0.03193357480105813,0.0,False,OVER,0.5168572823239861,0.5168572823239861,,-0.013272461017844683,0.0,False,UTSA,-270.0,0.7066541036740503,-0.03162215422444964,0.0,False,28.98686076314767,25.270397582599745,3.2346448460256405,53.939607490610555,0.6087519252027962,UTSA,0.6087519252027962,South Florida,7.0,0.6183896584271154,OVER,0.6047597753416616,0.7075189873433851,0.5018194108476248,0.516801137100093,,,,,,,,,,,,,,,,,2026-10-06T13:26:54+00:00,7.5,South Florida,50.0,OVER,,,,
2026-10-08T13:35:41+00:00,2026,6,401869933,2026-10-08 23:30:00+00:00,South Alabama,Arkansas State,28.6459240012559,31.87878696502961,3.23286296377371,60.52471096628551,3.048216847424972,59.42734694671779,5.606586629955263,57.23869663158985,3.1076431449382653,61.14893251011199,0.5962075339283652,0.5803813108416499,0.5634920634920635,1.5,3.0,,,58.5,60.5,,,-142.0,120.0,Arkansas State,0.5962075339283652,Arkansas State,-3.0,,0.470894262535281,0.5033202315817168,-0.03659591223345321,0.0,False,UNDER,0.5153566263168603,0.5153566263168603,,-0.01613734975872122,0.0,False,Arkansas State,-142.0,0.5799375977673593,-0.011655643241542613,0.0,False,31.42264163077256,25.816055000817293,4.807804184436058,56.51895027658674,0.6565949547978072,Arkansas State,0.6565949547978072,Arkansas State,-3.0,0.5660593111111452,UNDER,0.594961282653063,0.5780558262792531,0.5000480853834726,0.516801137100093,,,,,,,,,,,,,,,,,2026-10-06T13:26:54+00:00,1.0,Arkansas State,57.5,UNDER,,,,
2026-10-08T13:35:41+00:00,2026,6,401858254,2026-10-09 23:00:00+00:00,Florida State,Louisville,27.89412826338318,32.30933567161583,4.415207408232643,60.20346393499901,3.5136280778441455,59.1794798732922,4.669212910570844,58.01770272209125,4.401807987129359,60.61867796019396,0.6266753454197027,0.6091775959221145,0.6164383561643836,3.5,3.5,,,59.5,59.5,,,-180.0,150.0,Louisville,0.6266753454197027,Louisville,-3.5,,0.5003342869646682,0.5003342869646682,-0.04481636124926974,0.0,False,UNDER,0.5101972813376401,0.5101972813376401,,-0.025987008355414343,0.0,False,Louisville,-180.0,0.6215703912655421,-0.03311272469804555,0.0,False,31.343457816331046,26.674244905760204,3.77214928339166,57.40333642392577,0.6331257493377314,Louisville,0.6331257493377314,Louisville,-3.5,0.5066724925088762,UNDER,0.5634620710723902,0.6277851155089139,0.4835811168844956,0.516801137100093,,,,,,,,,,,,,,,,,2026-10-06T13:26:54+00:00,3.5,Louisville,59.5,UNDER,,,,
2026-10-08T13:35:41+00:00,2026,6,401858487,2026-10-10 01:00:00+00:00,Iowa,Washington,19.305799555332023,22.387988694709918,3.082189139377894,41.69378825004194,2.990200191145117,41.95599728645769,2.599671467976611,43.65381909917149,3.1076431449382653,41.32145466960901,0.5922780248257775,0.5766793466087533,0.5996387718242023,1.5,3.0,,,41.5,41.5,,,-166.0,140.0,Washington,0.5922780248257775,Iowa,3.0,,0.46841756955994707,0.5006748578184356,-0.04132065874052859,0.0,False,OVER,0.5086730880284867,0.5086730880284867,,-0.028896831945616375,0.0,False,Iowa,140.0,0.4040362034607642,-0.03031311169416595,0.0,False,23.126745283574053,20.52707381559744,2.8044380125670956,43.96917086801493,0.5796328926968707,Washington,0.5796328926968707,Iowa,3.0,0.5134608381367748,OVER,0.5542492613739034,0.6067815255922858,0.49270351456056916,0.5123755162761525,,,,,,,,,,,,,,,,,2026-10-06T13:26:54+00:00,1.5,Washington,41.5,OVER,,,,
2026-10-08T13:35:41+00:00,2026,6,401860922,2026-10-10 01:00:00+00:00,Washington State,Utah State,19.279475290027563,25.098079503561046,5.818604213533487,44.37755479358861,5.098246577927611,44.50214833720571,0.2709975886004292,44.39408270110773,6.111254241184724,44.37441510066674,0.6618247087550839,0.6426344696047223,0.644729178800233,5.5,5.5,,,43.5,44.5,,,-205.0,170.0,Utah State,0.6618247087550839,Washington State,5.5,,0.5073627406060195,0.5073627406060195,-0.0313984042975991,0.0,False,OVER,0.5000735990955583,0.5000735990955583,,-0.045314038090297826,0.0,False,Utah State,-205.0,0.6533264040585766,-0.027977789083581228,0.0,False,22.33254014485408,22.06154255625365,0.7075226741899785,44.513457508962006,0.5176558350303545,Utah State,0.5176558350303545,Washington State,5.5,0.6429156644961912,OVER,0.5004610439199474,0.6461676097139504,0.508384464109039,0.4851987726508356,,,,,,,,,,,,,,,,,2026-10-06T13:26:54+00:00,5.0,Washington State,43.0,OVER,,,,
2026-10-08T13:35:41+00:00,2026,6,401864519,2026-10-10 01:00:00+00:00,Wyoming,San José State,17.826559093409923,24.39898704606151,6.572427952651585,42.22554613947143,5.9886511623976215,42.60040108448093,6.369632034865269,42.69021576548394,6.583125940984246,42.13727604635096,0.6801631893045988,0.6602076457574341,0.6750312469954812,6.0,6.0,,,43.5,42.5,,,-238.0,195.0,San José State,0.6801631893045988,Wyoming,6.0,,0.4883877257805656,0.5002762580107755,-0.04385949809486811,0.0,False,OVER,0.5020604957331196,0.5020604957331196,,-0.04152087178222613,0.0,False,San José State,-238.0,0.6776025709903001,-0.03769046640873347,0.0,False,24.529923900174605,18.160291865309336,5.77364954147165,43.12902181831932,0.6752702211452373,San José State,0.6752702211452373,Wyoming,6.0,0.505511584995775,OVER,0.5129098074356732,0.6883534300096024,0.4830647883042661,0.48611912257565626,,,,,,,,,,,,,,,,,2026-10-06T13:26:54+00:00,6.5,Wyoming,43.5,UNDER,,,,
2026-10-08T13:35:41+00:00,2026,6,401856826,2026-10-10 02:15:00+00:00,Iowa State,BYU,17.40007597641552,29.53205575424303,12.131979777827508,46.93213173065855,10.919616338988657,46.99615164721109,17.992973697778464,49.490996924900095,11.822797792026904,46.44604170812636,0.8002501293820179,0.7780326813891005,0.771505376344086,14.5,10.5,,,50.5,46.5,,,-410.0,320.0,BYU,0.8002501293820179,BYU,-10.5,,0.5081047921496948,0.5081047921496948,-0.029981760441491645,0.0,False,OVER,0.5114685784779445,0.5114685784779445,,-0.02355998654210595,0.0,False,BYU,-410.0,0.7862293246233433,-0.022007425468524217,0.0,False,33.74198531133928,15.749011613560816,18.14679925664381,49.191796839836975,0.8921753431566664,BYU,0.8921753431566664,BYU,-10.5,0.6584099127908424,OVER,0.5716165834577391,0.8007626247524271,0.508384464109039,0.516801137100093,,,,,,,,,,,,,,,,,2026-10-06T13:26:54+00:00,14.5,BYU,50.5,UNDER,,,,
2026-10-08T13:35:41+00:00,2026,6,401856716,2026-10-10 16:00:00+00:00,Texas A&M,Missouri,22.30207519467657,26.65096090394372,4.348885709267152,48.95303609862029,3.479440350809593,48.682663966335866,3.345667012753605,49.96982313603519,4.401807987129359,48.7598840580049,0.6249851840734176,0.6075755483876896,0.6092362344582594,1.5,3.5,,,50.5,48.5,,,-175.0,145.0,Missouri,0.6249851840734176,Texas A&M,3.5,,0.5013202129520407,0.5013202129520407,-0.042934138909740516,0.0,False,OVER,0.5045785274495357,0.5045785274495357,,-0.03671372032361364,0.0,False,Missouri,-175.0,0.6171414506988636,-0.03020629175892864,0.0,False,26.6577450743944,23.31207806164079,3.0916669496771734,49.708993000095404,0.5991430528148062,Missouri,0.5991430528148062,Texas A&M,3.5,0.5263038513268918,OVER,0.5286821509825946,0.6178432964596366,0.5000480853834726,0.4939583230762196,,,,,,,,,,,,,,,,,2026-10-06T13:26:54+00:00,1.5,Missouri,50.5,UNDER,,,,
2026-10-08T13:35:41+00:00,2026,6,401856823,2026-10-10 16:00:00+00:00,Arizona,West Virginia,32.32943386419522,29.082829835547425,-3.2466040286477917,61.412263699742645,-3.053508843997447,60.755521859080254,-5.880809551403559,57.38037647131187,-3.1076431449382653,62.1781735875029,0.42357825571765817,0.4192814043393716,0.4003612281757977,-3.0,-3.0,,,61.5,61.5,,,140.0,-166.0,Arizona,0.5764217442823418,Arizona,-3.0,,0.4712354685251152,0.5036846031279179,-0.03594513199118632,0.0,False,UNDER,0.5188967924847134,0.5188967924847134,,-0.009378850711001585,0.0,False,West Virginia,140.0,0.41192074493272346,-0.011390212161463742,0.0,False,25.749783459954156,31.630593011357714,-5.183552359044313,56.67962602761593,0.3554425306899151,Arizona,0.6445574693100848,Arizona,-3.0,0.5732430585029139,UNDER,0.6162069715331291,0.6123602941273951,0.5000480853834726,0.516801137100093,,,,,,,,,,,,,,,,,2026-10-06T13:26:54+00:00,-3.5,Arizona,61.0,UNDER,,,,
2026-10-08T13:35:41+00:00,2026,6,401856824,2026-10-10 16:00:00+00:00,UCF,Oklahoma State,21.03791868292756,32.44520629097617,11.407287608048609,53.48312497390373,10.184505544277293,52.91896038859764,3.5306881494208433,51.44818275286802,11.822797792026904,53.86968895245991,0.786305162986312,0.7640464977980312,0.7867435158501441,9.5,10.5,,,52.5,53.5,,,-455.0,350.0,Oklahoma State,0.786305162986312,UCF,10.5,,0.5108814404266313,0.5108814404266313,-0.024680886458249285,0.0,False,UNDER,0.5092853300063949,0.5092853300063949,,-0.02772800635142797,0.0,False,UCF,350.0,0.21347557860536537,-0.03935989627585579,0.0,False,27.48943545114443,23.95874730172359,3.162975421275229,51.10998022810088,0.6039456502498005,Oklahoma State,0.6039456502498005,UCF,10.5,0.7049814762910664,UNDER,0.5578498852206975,0.7914928427418408,0.5153777333799767,0.5160613268886549,,,,,,,,,,,,,,,,,2026-10-06T13:26:54+00:00,9.5,UCF,54.0,UNDER,,,,
2026-10-08T13:35:41+00:00,2026,6,401858256,2026-10-10 16:00:00+00:00,North Carolina,Pittsburgh,21.219506416983798,26.55651433500781,5.337007918024013,47.77602075199161,4.45429470576588,47.76256678578468,13.7589557586187,49.62252948933329,4.892729252454956,47.42525218639457,0.6499021513788579,0.6312546141523011,0.6224665518611737,3.5,4.0,,,47.5,47.5,,,-185.0,154.0,Pittsburgh,0.6499021513788579,Pittsburgh,-4.0,,0.4988821941881982,0.5113891425676673,-0.023131725857903185,0.0,False,OVER,0.5082908696287219,0.5082908696287219,,-0.02962652161789442,0.0,False,Pittsburgh,-185.0,0.6362951703953718,-0.01976149425577861,0.0,False,31.690742623975993,17.931786865357296,13.620108242784893,49.316452453138865,0.8295137960741399,Pittsburgh,0.8295137960741399,Pittsburgh,-4.0,0.7172545634389557,OVER,0.5518740248063149,0.6540108419567499,0.5178697057112956,0.5099440842464456,,,,,,,,,,,,,,,,,2026-10-06T13:26:54+00:00,4.0,Pittsburgh,47.0,OVER,,,,
2026-10-08T13:35:41+00:00,2026,6,401858260,2026-10-10 16:00:00+00:00,Wake Forest,NC State,32.07653508024251,28.020237426423808,-4.056297653818699,60.09677250666631,-3.3660008715528114,59.09731151167821,2.4933528944509122,57.34936845019174,-4.401807987129359,60.61867796019396,0.4023027746510435,0.3995121261750298,0.3907637655417407,-4.0,-3.5,,,59.5,59.5,,,145.0,-175.0,Wake Forest,0.5976972253489565,NC State,3.5,,0.5086161890162973,0.5086161890162973,-0.029005457332523188,0.0,False,UNDER,0.5128152273459168,0.5128152273459168,,-0.020989111430522456,0.0,False,NC State,145.0,0.3965188752206125,-0.0285287557094992,0.0,False,29.921360672321327,27.428007777870413,2.76348770897972,56.644457359119606,0.5768349387467281,NC State,0.5768349387467281,NC State,3.5,0.6661262520723445,UNDER,0.579515894205323,0.3998927422190569,0.508384464109039,0.516801137100093,,,,,,,,,,,,,,,,,2026-10-06T13:26:54+00:00,-3.5,NC State,60.0,UNDER,,,,
2026-10-08T13:35:41+00:00,2026,6,401858481,2026-10-10 16:00:00+00:00,Indiana,Nebraska,29.48943044025543,20.27578218237797,-9.213648257877459,49.7652126226334,-7.4500571262577795,49.451787882806755,-7.096215667013101,55.05744277252163,-9.325348085958467,48.7598840580049,0.275437692802788,0.2809511141471057,0.27792074112197634,-9.5,-7.5,,,50.5,48.5,,,245.0,-305.0,Indiana,0.724562307197212,Nebraska,7.5,,0.5028694576945333,0.5028694576945333,-0.03997648985589097,0.0,False,OVER,0.523833839952898,0.523833839952898,,4.642172825986002e-05,0.0,False,Indiana,-305.0,0.7233225030682809,-0.039522577892938476,0.0,False,23.980613552754267,31.076829219767365,-6.518588092016704,54.683086203629344,0.32530596384888394,Indiana,0.674694036151116,Nebraska,7.5,0.5568982937328254,OVER,0.6466436540476679,0.7337075266403096,0.5000480853834726,0.5190787316039425,,,,,,,,,,,,,,,,,2026-10-06T13:26:54+00:00,-8.5,Nebraska,50.5,OVER,,,,
2026-10-08T13:35:41+00:00,2026,6,401862795,2026-10-10 16:00:00+00:00,Tulane,Army,22.654426461212086,25.965439977960013,3.311013516747927,48.6198664391721,3.078317323665787,48.39484058587123,7.166194502108769,47.88278854247835,3.1076431449382653,48.7598840580049,0.5982418499001655,0.5822988347804441,0.5996387718242023,3.0,3.0,,,48.5,48.5,,,-166.0,140.0,Army,0.5982418499001655,Army,-3.0,,0.47283520705980325,0.5053925917444068,-0.0328946167255002,0.0,False,UNDER,0.5033180901232351,0.5033180901232351,,-0.0391200097647329,0.0,False,Tulane,140.0,0.40105948819804293,-0.037457228324697,0.0,False,27.52449152229356,20.358297020184793,6.549102073225943,47.84248542982887,0.6943089315849145,Army,0.6943089315849145,Army,-3.0,0.6065861203463508,UNDER,0.5207627774787833,0.6169235038418857,0.5000480853834726,0.4939583230762196,,,,,,,,,,,,,,,,,2026-10-06T13:26:54+00:00,3.0,Army,48.5,UNDER,,,,
2026-10-08T13:35:41+00:00,2026,6,401866436,2026-10-10 16:00:00+00:00,Sacramento State,Bowling Green,17.18496414696801,25.96636577096775,8.781401623999741,43.15132991793576,7.257803471423133,43.59957723492287,-1.52989415885017,43.86386491369195,9.325348085958467,43.01597454520197,0.7313173320363516,0.7097426435097247,0.7179705215419501,7.5,7.5,,,44.5,43.5,,,-298.0,240.0,Bowling Green,0.7313173320363516,Sacramento State,7.5,,0.5139620734749175,0.5139620734749175,-0.018799677911521095,0.0,False,OVER,0.5031649031918541,0.5031649031918541,,-0.03941245754282385,0.0,False,Bowling Green,-298.0,0.724694079201977,-0.03211998817990988,0.0,False,21.16698537742089,22.69687953627106,-2.146160628787511,44.1237379156499,0.46930870138454817,Sacramento State,0.5306912986154518,Sacramento State,7.5,0.754767731688376,OVER,0.519828647994347,0.28765030999517693,0.5183321375647894,0.49339485152084855,,,,,,,,,,,,,,,,,2026-10-06T13:26:54+00:00,7.5,Sacramento State,44.5,UNDER,,,,
2026-10-08T13:35:41+00:00,2026,6,401858482,2026-10-10 16:30:00+00:00,Ball State,Northwestern,8.196474229067658,44.54453053118252,36.34805630211486,52.74100476025018,36.979795300258104,52.10817045011293,28.332179625247637,50.303545908303114,36.77091370526796,53.20403205490038,0.9933308311200054,0.9902688784735676,,36.5,37.5,,,52.5,52.5,,,,,Northwestern,0.9933308311200054,Ball State,37.5,,0.5104929602078963,0.5104929602078963,-0.025422530512198005,0.0,False,UNDER,0.5110986553937076,0.5110986553937076,,-0.024266203339285475,0.0,False,,,0.9933308311200054,0.8963588594109195,0.0,False,39.31786276677538,10.985683141527739,28.94562342981164,50.16258289697398,0.973614415355726,Northwestern,0.973614415355726,Ball State,37.5,0.7030673538308092,UNDER,0.5690221499692594,0.9642799815487099,0.5149890829815693,0.516801137100093,,,,,,,,,,,,,,,,,2026-10-06T13:26:54+00:00,36.0,Ball State,53.0,UNDER,,,,
2026-10-08T13:35:41+00:00,2026,6,401856714,2026-10-10 16:45:00+00:00,South Carolina,Florida,24.114107333543814,36.61159569576163,12.497488362217819,60.72570302930544,11.417571371561063,59.7016123677203,11.35378487005143,61.28910221786322,12.557821561962555,60.61867796019396,0.8070725536916622,0.784911571424296,0.7913616398243044,14.5,11.5,,,57.5,59.5,,,-470.0,360.0,Florida,0.8070725536916622,South Carolina,11.5,,0.5015891190171156,0.5015891190171156,-0.0424207727855066,0.0,False,OVER,0.5026302005436386,0.5026302005436386,,-0.040433253507598965,0.0,False,Florida,-470.0,0.7993322293105761,-0.03059708360206717,0.0,False,36.32144354395732,24.967658673905895,10.144018803759637,60.63600366376616,0.7852538263596829,Florida,0.7852538263596829,South Carolina,11.5,0.5316366643429347,OVER,0.5164815512787131,0.8078703198356394,0.5000480853834726,0.48987510449823995,,,,,,,,,,,,,,,,,2026-10-06T13:26:54+00:00,14.5,South Carolina,57.5,OVER,,,,
2026-10-08T13:35:41+00:00,2026,6,401869843,2026-10-10 17:00:00+00:00,Old Dominion,App State,19.186013740586404,29.602940101458827,10.416926360872422,48.78895384204523,9.292871365749033,48.527490432298904,8.870070832972395,48.94198240699586,10.498526831781419,48.7598840580049,0.7663678004484935,0.7442105876554947,0.7571884984025559,9.5,9.5,,,49.5,48.5,,,-375.0,295.0,App State,0.7663678004484935,Old Dominion,9.5,,0.5021182427274399,0.5021182427274399,-0.041410627520342025,0.0,False,OVER,0.5006889944708796,0.5006889944708796,,-0.04413919237377534,0.0,False,App State,-375.0,0.7618085409212773,-0.03504251483304885,0.0,False,28.90602661998413,20.035955787011734,7.297119435502936,48.67220976996598,0.7332825038234717,App State,0.7332825038234717,Old Dominion,9.5,0.5421036579300086,OVER,0.5043164768385459,0.7717384289857988,0.5000480853834726,0.4851987726508356,,,,,,,,,,,,,,,,,2026-10-06T13:26:54+00:00,10.0,Old Dominion,51.0,UNDER,,,,
2026-10-08T13:35:41+00:00,2026,6,401866440,2026-10-10 18:00:00+00:00,Miami (OH),Massachusetts,24.55761899050246,22.810102671185593,-1.7475163193168628,47.36772166168805,-2.4204289223038686,47.4411630961415,-0.5503116009261886,47.06487064550983,-1.8106718416220247,47.42525218639457,0.4634793519803043,0.4563539819301328,0.4572564612326044,-2.5,-2.5,,,46.5,47.5,,,110.0,-130.0,Miami (OH),0.5365206480196957,Massachusetts,2.5,,0.5015693786988552,0.5015693786988552,-0.042458458847640046,0.0,False,UNDER,0.5013594374516928,0.5013594374516928,,-0.04285925577404104,0.0,False,Massachusetts,110.0,0.4603663621146975,-0.03323063955913519,0.0,False,23.25727952229182,23.807591123218007,-1.0040509057491467,47.13169116869066,0.49560207686058927,Miami (OH),0.5043979231394107,Massachusetts,2.5,0.5312748514749884,UNDER,0.5085129744217218,0.5443352773795249,0.5000480853834726,0.4851987726508356,,,,,,,,,,,,,,,,,2026-10-06T13:26:54+00:00,-2.0,Massachusetts,46.5,OVER,,,,
2026-10-08T13:35:41+00:00,2026,6,401856717,2026-10-10 19:30:00+00:00,Texas,Oklahoma,23.982403295710483,14.891976377247403,-9.090426918463079,38.874379672957886,-7.39509301835906,39.67371996582594,-4.637154743523971,39.81816458692805,-9.325348085958467,38.69509534366625,0.2782369712801717,0.2835901390433487,0.26645768025078376,-6.0,-7.5,,,48.5,39.5,,,260.0,-325.0,Texas,0.7217630287198282,Oklahoma,7.5,,0.5060336489167774,0.5060336489167774,-0.03393576115887953,0.0,False,OVER,0.5041513897717095,0.5041513897717095,,-0.03752916498128184,0.0,False,Oklahoma,260.0,0.2723074692124169,-0.019693110835299232,0.0,False,17.59050492170204,22.22765966522601,-3.7394997805723613,40.557379551227115,0.3872035960099743,Texas,0.6127964039900258,Oklahoma,7.5,0.617899097003088,OVER,0.52600689602193,0.7403156740031565,0.5016555537111944,0.4939583230762196,,,,,,,,,,,,,,,,,2026-10-06T13:26:54+00:00,-9.5,Oklahoma,41.5,UNDER,,,,
2026-10-08T13:35:41+00:00,2026,6,401856718,2026-10-10 19:30:00+00:00,Ole Miss,Vanderbilt,33.39404904659703,23.177543595435406,-10.21650545116163,56.57159264203244,-8.785086833181559,55.686427069250364,-4.870380278866645,57.35767424003554,-10.498526831781419,56.42226612708146,0.25317055504071345,0.25990164310850217,0.2522172949002217,-10.0,-9.5,,,58.5,55.5,,,280.0,-355.0,Ole Miss,0.7468294449592865,Vanderbilt,9.5,,0.5073185061778082,0.5073185061778082,-0.03148285184236621,0.0,False,OVER,0.503613692170342,0.503613692170342,,-0.03855567858389247,0.0,False,Vanderbilt,280.0,0.25269362745808976,-0.03976421565925892,0.0,False,26.243646980584447,31.114027259451095,-3.97719947404608,56.65387740959092,0.3811850443819364,Ole Miss,0.6188149556180635,Vanderbilt,9.5,0.6418580293281613,OVER,0.5226439082880955,0.7545674777129081,0.508384464109039,0.4939583230762196,,,,,,,,,,,,,,,,,2026-10-06T13:26:54+00:00,-9.5,Vanderbilt,59.0,UNDER,,,,
2026-10-08T13:35:41+00:00,2026,6,401856825,2026-10-10 19:30:00+00:00,Houston,Kansas State,27.3125582681991,29.019844154159035,1.7072858859599334,56.332402422358136,2.3697374816390018,55.44598796760716,-0.25254516944514815,55.85934373861015,1.8106718416220247,56.42226612708146,0.5560349823288281,0.5426448327987071,0.5634920634920635,2.5,2.5,,,55.5,55.5,,,-142.0,120.0,Kansas State,0.5560349823288281,Houston,2.5,,0.502569031119138,0.502569031119138,-0.040550031499827444,0.0,False,UNDER,0.5021741629595823,0.5021741629595823,,-0.041303870713524704,0.0,False,Houston,120.0,0.4402331053953741,-0.031487168130176935,0.0,False,27.8033992845825,28.05594445402765,-0.6879177625885692,55.16233915114831,0.5036007172231975,Kansas State,0.5036007172231975,Houston,2.5,0.5510995348487394,UNDER,0.5136099551290302,0.5647753832169357,0.5000480853834726,0.48685538536351325,,,,,,,,,,,,,,,,,2026-10-06T13:26:54+00:00,2.5,Houston,56.0,UNDER,,,,
2026-10-08T13:35:41+00:00,2026,6,401858255,2026-10-10 19:30:00+00:00,Duke,Georgia Tech,25.88425205052777,19.051819060136054,-6.832432990391717,44.936071110663825,-6.264717327647012,44.884389357654406,-2.640253584507545,55.04380433536243,-7.053580865862386,43.01597454520197,0.33176172164874285,0.3338038736650834,0.30920711694593195,-7.0,-6.5,,,48.5,43.5,,,210.0,-258.0,Duke,0.6682382783512572,Georgia Tech,6.5,,0.5055877406036156,0.5055877406036156,-0.03478704066582483,0.0,False,OVER,0.5448646152713086,0.5448646152713086,,0.04019608369977096,0.011053923017437012,True,Georgia Tech,210.0,0.32037951397237385,-0.006823506685641023,0.0,False,26.20177537542744,28.84202895993499,-2.8200655876124268,54.674941725733476,0.4396522219144054,Duke,0.5603477780855946,Georgia Tech,6.5,0.6095369792696456,OVER,0.761747384075958,0.694775058907537,0.5000480853834726,0.5267307376138559,,,,,,,,,,,,,,,,,2026-10-06T13:26:54+00:00,-6.5,Georgia Tech,49.0,OVER,,,,
2026-10-08T13:35:41+00:00,2026,6,401858257,2026-10-10 19:30:00+00:00,Stanford,Notre Dame,8.074216271037507,46.58883902278208,38.514622751744575,54.66305529381959,38.692843207477,54.40020828061208,42.51696725895904,54.200684201144306,38.303489138657824,54.750888750369995,0.995587021991649,0.9933697635333186,,38.5,38.5,,,53.5,54.5,,,,,Notre Dame,0.995587021991649,Notre Dame,-38.5,,0.5051836761095345,0.5051836761095345,-0.03555843651816132,0.0,False,UNDER,0.5021144026885906,0.5021144026885906,,-0.04141795850359964,0.0,False,,,0.995587021991649,0.9006661328931481,0.0,False,48.35882573005168,5.841858471092632,42.30659355798069,53.87543079306519,0.9980304081192092,Notre Dame,0.9980304081192092,Notre Dame,-38.5,0.6012783593583445,UNDER,0.5132363996724402,0.9839230047332316,0.5000480853834726,0.48646256112871583,,,,,,,,,,,,,,,,,2026-10-06T13:26:54+00:00,38.0,Notre Dame,54.5,UNDER,,,,
2026-10-08T13:35:41+00:00,2026,6,401858259,2026-10-10 19:30:00+00:00,Virginia Tech,California,32.43556824956089,21.640912999285668,-10.79465525027522,54.076481248846555,-9.722418167179436,53.73455139230121,-3.80889143306858,55.16507304282032,-11.16317164166503,53.86968895245991,0.24076709652527625,0.24812778144576353,0.24281150159744405,-9.5,-10.0,,,53.5,53.5,,,295.0,-375.0,Virginia Tech,0.7592329034747237,California,10.0,,0.4923093257776827,0.5099418636004986,-0.025559196526963424,0.0,False,OVER,0.5049704456188036,0.5049704456188036,,-0.035965512909556796,0.0,False,Virginia Tech,-375.0,0.7582121726564129,-0.03959791463521031,0.0,False,25.67809080487587,29.48698223794445,-3.2703352290152896,54.747360787694355,0.4087776072575626,Virginia Tech,0.5912223927424374,California,10.0,0.6888600364482407,OVER,0.5311390266267004,0.7619116564746508,0.5121043774960617,0.4939583230762196,,,,,,,,,,,,,,,,,2026-10-06T13:26:54+00:00,-9.0,California,53.0,OVER,,,,
2026-10-08T13:35:41+00:00,2026,6,401858480,2026-10-10 19:30:00+00:00,Illinois,Michigan State,24.73751638367428,23.185103019286014,-1.5524133643882643,47.922619402960294,-2.174549361418629,47.87230225118488,3.343251436144584,50.54084977230007,-1.8106718416220247,47.42525218639457,0.468705201011476,0.46121166518132944,0.44855888528345106,-2.5,-2.5,,,47.5,47.5,,,114.0,-135.0,Illinois,0.5312947989885239,Michigan State,2.5,,0.5064168430778213,0.5064168430778213,-0.03320420866961382,0.0,False,OVER,0.5117565159687304,0.5117565159687304,,-0.023010287696060117,0.0,False,Michigan State,114.0,0.4586151302835037,-0.018563621193302127,0.0,False,26.942050604222327,23.598799168077743,3.0907363387754403,50.48540620738747,0.5990802501884763,Michigan State,0.5990802501884763,Michigan State,2.5,0.6258191184737022,OVER,0.573402279021335,0.45932529861605187,0.5043009962084638,0.516801137100093,,,,,,,,,,,,,,,,,2026-10-06T13:26:54+00:00,-2.5,Michigan State,49.0,OVER,,,,
2026-10-08T13:35:41+00:00,2026,6,401858484,2026-10-10 19:30:00+00:00,UCLA,Oregon,23.29718447298382,35.94679908760566,12.649614614621845,59.243983560589484,11.701310413396408,58.43791740038009,14.389685343958554,58.84769289979159,12.557821561962555,59.31926417195973,0.8098699740532516,0.7877393588562971,0.7867435158501441,12.5,11.5,,,60.5,58.5,,,-455.0,350.0,Oregon,0.8098699740532516,Oregon,-11.5,,0.5024181642326019,0.5024181642326019,-0.04083805010139635,0.0,False,UNDER,0.5018394750899804,0.5018394750899804,,-0.04194282028276469,0.0,False,Oregon,-455.0,0.7985547843925216,-0.025938669587143914,0.0,False,36.61868912187507,22.229003777916517,14.073344350331931,58.111693429647644,0.8400851741225975,Oregon,0.8400851741225975,Oregon,-11.5,0.5482351139171269,UNDER,0.5115162471720819,0.8084227545658025,0.5000480853834726,0.4851987726508356,,,,,,,,,,,,,,,,,2026-10-06T13:26:54+00:00,12.5,Oregon,60.5,UNDER,,,,
2026-10-08T13:35:41+00:00,2026,6,401862796,2026-10-10 19:30:00+00:00,Charlotte,North Texas,15.255109861006181,43.2577927479901,28.002682886983923,58.512902608996285,28.494163222430284,57.83666405287479,27.819275662702978,60.67249174323837,28.01235807357989,58.102660313588785,0.9722263865397474,0.9635127715010648,0.9462616822429907,28.5,28.5,,,57.5,57.5,,,-4500.0,1700.0,North Texas,0.9722263865397474,Charlotte,28.5,,0.5002503491522415,0.5002503491522415,-0.04497660616390248,0.0,False,OVER,0.5099880712044391,0.5099880712044391,,-0.026386409518798004,0.0,False,North Texas,-4500.0,0.9612814178637161,-0.017356772850423592,0.0,False,44.24588370297067,16.426608040267695,28.383525224287247,59.60136271744926,0.9714275915480162,North Texas,0.9714275915480162,Charlotte,28.5,0.5049971621594127,OVER,0.5624632532854644,0.9587266388001993,0.4830647883042661,0.516801137100093,,,,,,,,,,,,,,,,,2026-10-06T13:26:54+00:00,28.0,North Texas,58.0,OVER,,,,
2026-10-08T13:35:41+00:00,2026,6,401862799,2026-10-10 19:30:00+00:00,Tulsa,Navy,23.312982985731903,25.143055107487964,1.8300721217560585,48.45603809321987,2.507506151067374,48.27191788706687,2.1978326289424226,46.85653835518998,1.8106718416220247,48.7598840580049,0.5592959745021212,0.545699710018573,0.551441114716549,2.5,2.5,,,48.5,48.5,,,-135.0,114.0,Navy,0.5592959745021212,Navy,-2.5,,0.5004821025633482,0.5004821025633482,-0.04453416783360786,0.0,False,UNDER,0.5071991109908917,0.5071991109908917,,-0.031710788108297694,0.0,False,Navy,-135.0,0.555372003413671,-0.033241327391017206,0.0,False,24.527185492066202,22.32935286312378,2.6495691482771804,46.91898127536801,0.5690375534014016,Navy,0.5690375534014016,Navy,-2.5,0.5096215834993886,UNDER,0.5449418906562477,0.5584322397362566,0.48754420042105195,0.5020167276231902,,,,,,,,,,,,,,,,,2026-10-06T13:26:54+00:00,2.5,Navy,49.0,UNDER,,,,
2026-10-08T13:35:41+00:00,2026,6,401866435,2026-10-10 19:30:00+00:00,Eastern Michigan,Akron,29.19280502536564,22.464736385700117,-6.72806863966552,51.65754141106576,-6.153841756158059,51.25259408925577,-0.5575112778924334,49.74883031427028,-7.053580865862386,52.02012613109582,0.33432941044957704,0.336202942137113,0.30920711694593195,-7.0,-6.5,,,51.5,51.5,,,210.0,-258.0,Eastern Michigan,0.6656705895504229,Akron,6.5,,0.5082232721700531,0.5082232721700531,-0.02975557131171669,0.0,False,UNDER,0.5086576020139613,0.5086576020139613,,-0.028926396155164846,0.0,False,Akron,210.0,0.32163929563122035,-0.0029181835432168235,0.0,False,24.595659518188924,25.153170796081355,-1.0116895203873961,49.43624266629257,0.4954086715346816,Eastern Michigan,0.5045913284653184,Akron,6.5,0.658546615488728,UNDER,0.5539745671578614,0.6906913059585241,0.508384464109039,0.5120943230997028,,,,,,,,,,,,,,,,,2026-10-06T13:26:54+00:00,-6.5,Akron,51.5,UNDER,,,,
2026-10-08T13:35:41+00:00,2026,6,401866437,2026-10-10 19:30:00+00:00,Buffalo,Toledo,16.67478614813061,37.351610535972185,20.67682438784157,54.02639668410279,21.141365540229398,53.677744807929564,24.787122325216437,50.21254030783345,20.459995963197798,54.750888750369995,0.9221405765617956,0.9058543626413658,0.9039548022598869,20.5,21.0,,,54.5,54.5,,,-1600.0,900.0,Toledo,0.9221405765617956,Toledo,-21.0,,0.48542479136800354,0.5059885971250586,-0.032639095571036,0.0,False,UNDER,0.5174238497415867,0.5174238497415867,,-0.012190832311516187,0.0,False,Toledo,-1600.0,0.9134792671068908,-0.02942827869892857,0.0,False,37.49983131652495,12.712708991308507,25.40335226813709,50.03885524741368,0.9551975717789659,Toledo,0.9551975717789659,Toledo,-21.0,0.6175188567905493,UNDER,0.6074363454465849,0.923148402208137,0.5015285460230015,0.516801137100093,,,,,,,,,,,,,,,,,2026-10-06T13:26:54+00:00,20.0,Toledo,54.0,UNDER,,,,
2026-10-08T13:35:41+00:00,2026,6,401866438,2026-10-10 19:30:00+00:00,Central Michigan,Ohio,21.53137287247851,24.99165329604104,3.4602804235625295,46.52302616851955,3.135832671564057,46.57857808270478,10.145032578876581,46.92828619663412,3.1076431449382653,46.44604170812636,0.6021199004979605,0.5859561908144229,0.5720596355604638,3.0,3.0,,,46.5,46.5,,,-148.0,124.0,Ohio,0.6021199004979605,Ohio,-3.0,,0.4765448424835743,0.5093509330729614,-0.02582493528915536,0.0,False,OVER,0.5018159666262474,0.5018159666262474,,-0.041987700077164014,0.0,False,Ohio,-148.0,0.5871710043386054,-0.016091830567742382,0.0,False,28.53665938775535,18.39162680887877,8.604305746598904,46.99222562062852,0.7607206894693405,Ohio,0.7607206894693405,Ohio,-3.0,0.6807158917718671,OVER,0.5113778373315292,0.5969656008183538,0.5104507606879002,0.4851987726508356,,,,,,,,,,,,,,,,,2026-10-06T13:26:54+00:00,3.0,Ohio,47.0,UNDER,,,,
2026-10-08T13:35:41+00:00,2026,6,401866439,2026-10-10 19:30:00+00:00,Kent State,Western Michigan,14.739919135156326,28.67164258007388,13.931723444917555,43.41156171523021,13.744205046789984,43.79097780039907,20.376402244442584,45.49400363699734,13.59175063206385,43.01597454520197,0.832452710722241,0.810731193376516,0.8172588832487311,13.5,13.5,,,43.5,43.5,,,-575.0,425.0,Western Michigan,0.832452710722241,Western Michigan,-13.5,,0.5089953841635643,0.5089953841635643,-0.028281539324104543,0.0,False,OVER,0.5092508442511714,0.5092508442511714,,-0.027793842793218226,0.0,False,Western Michigan,-575.0,0.8249856618396709,-0.031538570883864664,0.0,False,32.93520294071996,12.558800696277379,20.94547641300912,45.26693631977289,0.9191392589914054,Western Michigan,0.9191392589914054,Western Michigan,-13.5,0.6744873902145732,OVER,0.5578452152482887,0.845038290171735,0.509186103038254,0.5160565464298797,,,,,,,,,,,,,,,,,2026-10-06T13:26:54+00:00,14.0,Western Michigan,43.5,OVER,,,,
2026-10-08T13:35:41+00:00,2026,6,401861964,2026-10-10 19:45:00+00:00,UConn,Temple,25.163634884836227,29.550177526716823,4.386542641880598,54.71381241155305,3.494068203679419,54.45787045386297,4.097165835346204,54.51863590405274,4.401807987129359,54.750888750369995,0.6259451408861141,0.6084853888422753,0.6224665518611737,3.5,3.5,,,54.5,54.5,,,-185.0,154.0,Temple,0.6259451408861141,UConn,3.5,,0.5003808274519791,0.5003808274519791,-0.04472751122803986,0.0,False,UNDER,0.5008925832542998,0.5008925832542998,,-0.04375052287815501,0.0,False,Temple,-185.0,0.6242074482035954,-0.03838312033500163,0.0,False,29.307900869699473,25.21073503435327,3.3818245084382683,54.23621325145406,0.6185486708581294,Temple,0.6185486708581294,UConn,3.5,0.5075974533449208,UNDER,0.5055900109374243,0.6324380840264308,0.4848241090719461,0.4851987726508356,,,,,,,,,,,,,,,,,2026-10-06T13:26:54+00:00,4.0,UConn,54.5,UNDER,,,,
2026-10-08T13:35:41+00:00,2026,6,401862797,2026-10-10 20:00:00+00:00,Rice,East Carolina,18.020383450090947,29.430239100578,11.409855650487055,47.450622550668946,10.186449566771817,47.51899441531835,16.08610957941887,47.58417670545028,11.16317164166503,47.42525218639457,0.7863555505473584,0.7640968618727643,0.76,10.0,10.0,,,47.5,47.5,,,-380.0,300.0,East Carolina,0.7863555505473584,East Carolina,-10.0,,0.48918575980715184,0.5066602885459667,-0.03161027746805489,0.0,False,OVER,0.5005995404021757,0.5005995404021757,,-0.04430996832311912,0.0,False,East Carolina,-380.0,0.7734486561264992,-0.02301222384021165,0.0,False,31.835143142434575,15.749033563015706,16.482598110127835,47.618971826094004,0.8663592389657003,East Carolina,0.8663592389657003,East Carolina,-10.0,0.6310776465321392,OVER,0.5037559957457491,0.7869673404772283,0.5060574477093199,0.4851987726508356,,,,,,,,,,,,,,,,,2026-10-06T13:26:54+00:00,10.0,East Carolina,48.5,UNDER,,,,
2026-10-08T13:35:41+00:00,2026,6,401856713,2026-10-10 20:15:00+00:00,Tennessee,Arkansas,32.97986368584705,19.500335159572153,-13.4795285262749,52.4801988454192,-13.305835027274185,51.8879687690696,-11.352195402354443,54.902104255798996,-13.59175063206385,52.02012613109582,0.18764436356625883,0.19720458964728454,0.1881331403762663,-13.5,-13.5,,,51.5,51.5,,,410.0,-550.0,Tennessee,0.8123556364337412,Arkansas,13.5,,0.5029681566202207,0.5029681566202207,-0.039788064634124154,0.0,False,OVER,0.5109934540469283,0.5109934540469283,,-0.02446704227404589,0.0,False,Tennessee,-550.0,0.8121113701959277,-0.04023201704117629,0.0,False,21.774954426722275,33.12714982907672,-10.142816453687699,54.59031984705958,0.2291191670086239,Tennessee,0.7708808329913761,Arkansas,13.5,0.5588830881135234,OVER,0.5686931657014491,0.8258822922890573,0.5000480853834726,0.516801137100093,,,,,,,,,,,,,,,,,2026-10-06T13:26:54+00:00,-13.5,Arkansas,51.5,OVER,,,,
2026-10-08T13:35:41+00:00,2026,6,401858483,2026-10-10 20:15:00+00:00,Maryland,Ohio State,11.478835952884392,45.09617816034512,33.61734220746073,56.575014113229514,34.410148267898826,55.69069968413455,31.63408522126537,53.16924318555621,33.721963939153284,57.221984993406295,0.9890499107126769,0.984582065910452,,34.5,34.5,,,56.5,56.5,,,,,Ohio State,0.9890499107126769,Maryland,34.5,,0.5026336407366515,0.5026336407366515,-0.04042668586639253,0.0,False,UNDER,0.5156873923104782,0.5156873923104782,,-0.015505887407268826,0.0,False,,,0.9890499107126769,0.8881861931787469,0.0,False,42.40166420341079,10.767578982145421,32.313107021170005,52.470510289263316,0.9845763781891781,Ohio State,0.9845763781891781,Maryland,34.5,0.5525956215705334,UNDER,0.5969658449704953,0.9752201328495519,0.5000480853834726,0.516801137100093,,,,,,,,,,,,,,,,,2026-10-06T13:26:54+00:00,34.5,Maryland,56.0,UNDER,,,,
2026-10-08T13:35:41+00:00,2026,6,401860902,2026-10-10 22:00:00+00:00,San Diego State,Oregon State,19.1220104548989,34.38270222124508,15.260691766346183,53.50471267614398,15.001778791019328,52.95138131444349,10.015162186309517,51.583411997467984,15.53740647963241,53.86968895245991,0.8539680551418529,0.83293605052357,0.84,14.5,15.5,,,53.5,53.5,,,-700.0,500.0,Oregon State,0.8539680551418529,San Diego State,15.5,,0.5073580015984542,0.5073580015984542,-0.03140745149386004,0.0,False,UNDER,0.5087670639329683,0.5087670639329683,,-0.028717423400696773,0.0,False,Oregon State,-700.0,0.8471147123185214,-0.03186890020740414,0.0,False,30.79928709188875,20.784124905579233,8.385508213128896,51.20208112151546,0.7579974940126835,Oregon State,0.7579974940126835,San Diego State,15.5,0.642974597302543,UNDER,0.5546472533575637,0.8512554952309161,0.508384464109039,0.5127829243086167,,,,,,,,,,,,,,,,,2026-10-06T13:26:54+00:00,14.0,San Diego State,55.0,UNDER,,,,
2026-10-08T13:35:41+00:00,2026,6,401856715,2026-10-10 23:00:00+00:00,LSU,Kentucky,31.196809242382926,21.11323772056921,-10.083571521813717,52.310046962952136,-8.47388608893615,51.74443454178218,-9.700715020743807,53.836242299894195,-10.103768153117926,52.02012613109582,0.25606815968682084,0.26264688885652104,0.2559309849029475,-10.5,-8.5,,,49.5,51.5,,,275.0,-345.0,LSU,0.7439318403131792,Kentucky,8.5,,0.5005227336465419,0.5005227336465419,-0.044456599402056374,0.0,False,OVER,0.5069270693918069,0.5069270693918069,,-0.032230140252005046,0.0,False,Kentucky,275.0,0.255999566268362,-0.04000162649364236,0.0,False,22.067763639575194,31.768478660319,-7.980660271095762,53.449678629945986,0.26450668196688304,LSU,0.7354933180331169,Kentucky,8.5,0.5104251218962705,OVER,0.5433727799303297,0.7594732273437973,0.4886240212207217,0.5000337444684421,,,,,,,,,,,,,,,,,2026-10-06T13:26:54+00:00,-10.0,Kentucky,50.5,OVER,,,,
2026-10-08T13:35:41+00:00,2026,6,401862798,2026-10-10 23:00:00+00:00,UAB,Memphis,19.591387613274733,33.88261983071878,14.291232217444044,53.474007443993514,14.002543684218749,52.90526823068131,14.358298936216784,54.895206387459766,14.287694281460062,53.20403205490038,0.8384636971308194,0.8169035359899671,0.8223350253807106,14.0,14.0,,,57.5,52.5,,,-600.0,440.0,Memphis,0.8384636971308194,Memphis,-14.0,,0.4816781470137053,0.50009726916329,-0.043601549185733335,0.0,False,OVER,0.5064764546847225,0.5064764546847225,,-0.0330904046928025,0.0,False,Memphis,-600.0,0.8305520539237682,-0.031022603755603728,0.0,False,34.626752661838275,20.26845372562149,14.050770041547135,54.58620025993241,0.8395694065315925,Memphis,0.8395694065315925,Memphis,-14.0,0.5019412532971205,OVER,0.5405586925512803,0.8407490633233607,0.4830647883042661,0.49647740661638917,,,,,,,,,,,,,,,,,2026-10-06T13:26:54+00:00,14.0,Memphis,57.5,UNDER,,,,
2026-10-08T13:35:41+00:00,2026,6,401864517,2026-10-10 23:00:00+00:00,Nevada,UTEP,30.155956209222808,19.978393712401896,-10.177562496820913,50.134349921624704,-8.686567224832714,49.932574870637644,-4.093217023544125,51.810155068664855,-10.498526831781419,49.816008743075145,0.25401766069421966,0.26070440672032585,0.24281150159744405,-9.5,-9.5,,,49.5,49.5,,,295.0,-375.0,Nevada,0.7459823393057803,UTEP,9.5,,0.5083284962107155,0.5083284962107155,-0.029554689052270322,0.0,False,OVER,0.5075681583203249,0.5075681583203249,,-0.031006243206652462,0.0,False,UTEP,295.0,0.24837226740573437,-0.01892954374734923,0.0,False,23.858469022560364,27.95168604610449,-3.380295296677145,51.356654636839586,0.4013386912429152,Nevada,0.5986613087570848,UTEP,9.5,0.6602657470545744,OVER,0.5473713698139709,0.7623905085651111,0.508384464109039,0.5050870120620137,,,,,,,,,,,,,,,,,2026-10-06T13:26:54+00:00,-9.5,UTEP,49.5,OVER,,,,
2026-10-08T13:35:41+00:00,2026,6,401864518,2026-10-10 23:00:00+00:00,North Dakota State,UNLV,25.23811522674015,22.25062647049638,-2.9874887562437724,47.48874169723653,-2.9537432505727548,47.54753201376263,-0.7097876807095362,47.822961886835536,-3.1076431449382653,47.42525218639457,0.4304342387129135,0.42565063679731896,0.4066302458405761,-3.0,-3.0,,,47.5,47.5,,,136.0,-162.0,North Dakota State,0.5695657612870866,UNLV,3.0,,0.4707667865519791,0.5031853980145609,-0.03683663439671514,0.0,False,OVER,0.5015003989800781,0.5015003989800781,,-0.04259014740166894,0.0,False,UNLV,136.0,0.4184847928895228,-0.012375888780726152,0.0,False,23.556587103063,24.266374783772537,-1.1732094355513516,47.797702655061975,0.49131820812749694,North Dakota State,0.5086817918725031,UNLV,3.0,0.5632049302332978,OVER,0.5094005626235067,0.5947227028281487,0.5000480853834726,0.4851987726508356,,,,,,,,,,,,,,,,,2026-10-06T13:26:54+00:00,-3.0,UNLV,48.0,UNDER,,,,
2026-10-08T13:35:41+00:00,2026,6,401869943,2026-10-10 23:00:00+00:00,Coastal Carolina,Marshall,26.870123553370508,31.888053306292658,5.017929752922151,58.758176859663166,4.127814152541943,58.03811632889189,7.391287211355348,55.80451246044966,4.892729252454956,59.31926417195973,0.6419202431646217,0.623654556965971,0.6164383561643836,3.0,4.0,,,58.5,58.5,,,-180.0,150.0,Marshall,0.6419202431646217,Marshall,-4.0,,0.49088461942835265,0.5032089490859822,-0.0383651601174862,0.0,False,UNDER,0.5137001865186499,0.5137001865186499,,-0.019299643918941067,0.0,False,Marshall,-180.0,0.6292692456174458,-0.021136729039528734,0.0,False,31.597899835902503,24.206612624547155,6.647303071742263,55.12952255108183,0.6995986509792236,Marshall,0.6995986509792236,Marshall,-4.0,0.5639143783027462,UNDER,0.5849095887660909,0.633758671265106,0.5000480853834726,0.516801137100093,,,,,,,,,,,,,,,,,2026-10-06T13:26:54+00:00,3.0,Marshall,58.5,UNDER,,,,
2026-10-08T13:35:41+00:00,2026,6,401856712,2026-10-10 23:30:00+00:00,Georgia,Alabama,25.890463357055467,26.921566057801236,1.0311027007457705,52.8120294148567,1.5165610344581935,52.168190480231594,1.279409280336961,56.9807505489901,1.018003911971391,52.02012613109582,0.538012363568333,0.5257841122609885,0.5260865852617197,-3.0,1.5,,,50.5,51.5,,,-122.0,102.0,Alabama,0.538012363568333,Alabama,-1.5,,0.5003260107662878,0.5003260107662878,-0.04483216126435963,0.0,False,OVER,0.5189238816103283,0.5189238816103283,,-0.009327135107555007,0.0,False,Alabama,-122.0,0.5320540520874193,-0.03183606915240095,0.0,False,29.130079914663533,27.85067063432657,1.8302080372561205,56.197853446624364,0.5446421219031582,Alabama,0.5446421219031582,Alabama,-1.5,0.5065061059405516,OVER,0.6173311793299663,0.5313112676608622,0.4833575212505348,0.516801137100093,,,,,,,,,,,,,,,,,2026-10-06T13:26:54+00:00,-2.5,Alabama,56.5,UNDER,,,,
2026-10-08T13:35:41+00:00,2026,6,401858258,2026-10-10 23:30:00+00:00,Syracuse,Virginia,20.026466585894198,30.40033866717527,10.373872081281075,50.42680525306947,9.183678679900751,50.33022240744819,8.010860106687252,49.77001305107797,10.498526831781419,50.55157155063898,0.7654784905318914,0.7433299259577661,0.7508125677139762,9.5,9.5,,,50.5,50.5,,,-360.0,285.0,Virginia,0.7654784905318914,Syracuse,9.5,,0.5032356634375907,0.5032356634375907,-0.03927736980096308,0.0,False,UNDER,0.5029697781048413,0.5029697781048413,,-0.039784969072575616,0.0,False,Virginia,-360.0,0.7582212630382351,-0.0311617194511441,0.0,False,28.89043657888261,20.879576472195357,6.918294392858238,49.456343360882116,0.7139422879483174,Virginia,0.7139422879483174,Syracuse,9.5,0.5640832492617329,UNDER,0.5185856147121793,0.7642058331761775,0.5000480853834726,0.4920876999606689,,,,,,,,,,,,,,,,,2026-10-06T13:26:54+00:00,9.0,Syracuse,49.5,UNDER,,,,
2026-10-08T13:35:41+00:00,2026,6,401858485,2026-10-10 23:30:00+00:00,USC,Penn State,27.137708281977172,28.05907607310529,0.9213677911281227,55.196784355082464,1.3975484596432968,54.766298939928454,-0.9105103347705557,57.54405891385717,1.018003911971391,54.750888750369995,0.5350787872126019,0.5230430524638912,0.5260865852617197,1.5,1.5,,,56.5,54.5,,,-122.0,102.0,Penn State,0.5350787872126019,USC,1.5,,0.5024050686088004,0.5024050686088004,-0.04086305083774461,0.0,False,OVER,0.5107385982160538,0.5107385982160538,,-0.02495358522389718,0.0,False,Penn State,-122.0,0.5305851686324944,-0.03450895543923149,0.0,False,28.316774289543307,29.227284624313864,-1.3860374988837327,56.86531486645702,0.48592730889535357,USC,0.5140726911046465,USC,1.5,0.5478708684647786,OVER,0.5671206145553371,0.47709644592041534,0.5000480853834726,0.516801137100093,,,,,,,,,,,,,,,,,2026-10-06T13:26:54+00:00,1.5,USC,58.5,UNDER,,,,
2026-10-08T13:35:41+00:00,2026,6,401864516,2026-10-10 23:30:00+00:00,Air Force,Northern Illinois,28.028670129535143,18.75992064249717,-9.268749487037972,46.788590772032315,-7.4746794245767445,46.84962406254768,-8.195840781533054,48.5918305760152,-9.325348085958467,46.44604170812636,0.2741903094869415,0.27977465450448546,0.26645768025078376,-7.5,-7.5,,,46.5,46.5,,,260.0,-325.0,Air Force,0.7258096905130584,Northern Illinois,7.5,,0.5014540858837381,0.5014540858837381,-0.04267856331286363,0.0,False,OVER,0.5080815439584071,0.5080815439584071,,-0.030026143352131884,0.0,False,Northern Illinois,260.0,0.2703065873423901,-0.02689628556739565,0.0,False,20.197994897241074,28.393835678774124,-6.999493181180706,48.373796309699294,0.29895349791737985,Air Force,0.7010465020826202,Northern Illinois,7.5,0.5289485618643993,OVER,0.5505677120174434,0.7467318226986055,0.5000480853834726,0.5086068655462036,,,,,,,,,,,,,,,,,2026-10-06T13:26:54+00:00,-7.5,Northern Illinois,47.0,OVER,,,,
2026-10-08T13:35:41+00:00,2026,6,401869949,2026-10-10 23:30:00+00:00,James Madison,Georgia Southern,30.78289319608907,21.478715817862707,-9.304177378226365,52.26160901395178,-7.490525333524327,51.703587113249945,-8.90285584269898,53.53281828651876,-9.325348085958467,52.02012613109582,0.2733897287982439,0.2790194329504112,0.27424749163879597,-7.5,-7.5,,,54.5,51.5,,,250.0,-310.0,James Madison,0.7266102712017561,Georgia Southern,7.5,,0.5005439295088704,0.5005439295088704,-0.0444161345739747,0.0,False,OVER,0.5057695647114946,0.5057695647114946,,-0.03443992191441936,0.0,False,James Madison,-310.0,0.7261815990113869,-0.03956627227526252,0.0,False,22.31498122190989,31.217837064608872,-7.311671494270207,52.9935949616723,0.28252383370680645,James Madison,0.7174761662931936,Georgia Southern,7.5,0.510847335952157,OVER,0.5361375746846329,0.7405865100069896,0.4891914060790288,0.4939583230762196,,,,,,,,,,,,,,,,,2026-10-06T13:26:54+00:00,-7.5,Georgia Southern,54.0,UNDER,,,,
2026-10-08T13:35:41+00:00,2026,6,401869965,2026-10-10 23:30:00+00:00,Louisiana,Louisiana Tech,22.28043469812302,25.535141052573355,3.2547063544503367,47.815575750696375,3.0566293311460457,47.792173991561334,6.042503239080611,49.87030910642585,3.1076431449382653,47.42525218639457,0.5967763996904573,0.5809174474806157,0.5720596355604638,3.0,3.0,,,48.5,47.5,,,-148.0,124.0,Louisiana Tech,0.5967763996904573,Louisiana Tech,-3.0,,0.47143667179948595,0.5038994540664398,-0.03556140122864648,0.0,False,OVER,0.5092259524180575,0.5092259524180575,,-0.027841363565526633,0.0,False,Louisiana Tech,-148.0,0.584471137775178,-0.02061593129564765,0.0,False,27.95640617275323,21.91390293367262,5.405515825526831,49.57377866115215,0.6673140089963381,Louisiana Tech,0.6673140089963381,Louisiana Tech,-3.0,0.5774688194540262,OVER,0.5576970993971628,0.5874479803948239,0.5000480853834726,0.515904926322035,,,,,,,,,,,,,,,,,2026-10-06T13:26:54+00:00,3.0,Louisiana Tech,48.0,OVER,,,,
2026-10-08T13:35:41+00:00,2026,6,401858486,2026-10-11 00:00:00+00:00,Minnesota,Purdue,26.336946470667943,24.461523772310404,-1.8754226983575373,50.79847024297835,-2.5250475103159458,50.66795546864668,-3.1028692996068186,52.09818930949986,-1.8106718416220247,50.55157155063898,0.4600563610652527,0.45317261078524984,0.44855888528345106,-2.5,-2.5,,,50.5,50.5,,,114.0,-135.0,Minnesota,0.5399436389347473,Minnesota,-2.5,,0.5016091024551899,0.5016091024551899,-0.04238262258554659,0.0,False,OVER,0.5058786948342698,0.5058786948342698,,-0.03423158258912118,0.0,False,Purdue,114.0,0.4543015313238135,-0.02779472296703933,0.0,False,24.49766000494652,27.600529304553337,-2.998162036128541,51.56580570526649,0.4273788185976704,Minnesota,0.5726211814023296,Minnesota,-2.5,0.5320953297635895,OVER,0.5368182788089159,0.5587408828744262,0.5000480853834726,0.4939583230762196,,,,,,,,,,,,,,,,,2026-10-06T13:26:54+00:00,-2.5,Minnesota,51.0,OVER,,,,
2026-10-08T13:35:41+00:00,2026,6,401856808,2026-10-11 01:30:00+00:00,Hawai'i,Arizona State,15.702624032815812,35.036622561835394,19.33399852901958,50.739246594651206,19.992800293663162,50.62767343345286,12.49346541668146,51.72720173812227,19.69485364002867,50.55157155063898,0.9080476083300123,0.8903870677689357,0.9039548022598869,20.5,20.5,,,50.5,50.5,,,-1600.0,900.0,Arizona State,0.9080476083300123,Hawai'i,20.5,,0.5095860858464636,0.5095860858464636,-0.027153836111296736,0.0,False,OVER,0.5044683974488762,0.5044683974488762,,-0.036923968506690885,0.0,False,Arizona State,-1600.0,0.906021172685217,-0.03735250402195696,0.0,False,32.11033357740186,19.616868160720404,11.412077654681026,51.30008050252153,0.8069982397900574,Arizona State,0.8069982397900574,Hawai'i,20.5,0.6839938076323524,OVER,0.5279938553959571,0.9126567418568211,0.5111163206672511,0.4939583230762196,,,,,,,,,,,,,,,,,2026-10-06T13:26:54+00:00,21.0,Hawai'i,51.5,UNDER,,,,
2026-10-08T13:35:41+00:00,2026,6,401856827,2026-10-11 02:15:00+00:00,Kansas,Utah,18.41419869367116,33.782475794136026,15.368277100464866,52.196674487807186,15.195407270923488,51.648835222687154,12.162183898044786,53.12605675065611,15.53740647963241,52.02012613109582,0.8556252495385238,0.83465975694291,0.84,15.5,15.5,,,51.5,51.5,,,-700.0,500.0,Utah,0.8556252495385238,Kansas,15.5,,0.5044977499219092,0.5044977499219092,-0.03686793196726418,0.0,False,OVER,0.504217940940164,0.504217940940164,,-0.037402112750595906,0.0,False,Utah,-700.0,0.8479773117240502,-0.030883072315371227,0.0,False,32.644120324350446,20.481936426305662,10.960681050498279,52.433914847518714,0.8008193015211749,Utah,0.8008193015211749,Kansas,15.5,0.5887830667462133,OVER,0.5264266703113406,0.8539406654791231,0.5000480853834726,0.4939583230762196,,,,,,,,,,,,,,,,,2026-10-06T13:26:54+00:00,15.5,Kansas,52.0,OVER,,,,
2026-10-08T13:35:41+00:00,2026,6,401860901,2026-10-11 02:30:00+00:00,Boise State,Fresno State,27.58621937810861,20.840292466614493,-6.745926911494118,48.4265118447231,-6.172807666439099,48.24977594699271,-0.9138990482531684,46.67158063084988,-7.053580865862386,48.7598840580049,0.33388950677754464,0.33579197894791474,0.3146067415730337,-6.5,-6.5,,,48.5,48.5,,,205.0,-250.0,Boise State,0.6661104932224553,Fresno State,6.5,,0.5077723673339012,0.5077723673339012,-0.030616389635279517,0.0,False,UNDER,0.5078983962504439,0.5078983962504439,,-0.03037578897642529,0.0,False,Fresno State,205.0,0.3241735266955961,-0.011270743578431941,0.0,False,22.878840791298355,23.792739839551526,-1.3896301837298106,46.730197136363955,0.4858363106649419,Boise State,0.5141636893350581,Fresno State,6.5,0.6503326403339362,UNDER,0.5492801622792507,0.6860568070022015,0.508384464109039,0.5072888538096039,,,,,,,,,,,,,,,,,2026-10-06T13:26:54+00:00,-6.5,Fresno State,48.5,UNDER,,,,
